"AR_Juvenile","AR_Adult","AR_Prey","SD_Juvenile","SD_Adult","SD_Prey","Cross_correlation","CovEigen","Spatial_Variance","muP"
0.698984931517002,0.577940330508941,0.549593950984985,0.00256044415748334,0.00140321077677183,0.00287556261794877,0.627782235514582,1.0024827329036e-05,0.0543192726282414,0.45
0.698293945974816,0.578456912079932,0.549805225049428,0.00254965402899136,0.00140525766060594,0.00285086991714424,0.627736046442713,9.85991106546234e-06,0.0542339911161569,0.450206412825651
0.699760248571685,0.57680084011356,0.547291061598223,0.00254461944837802,0.0013994621720344,0.00283323279333083,0.62716458827821,9.78319598009343e-06,0.0541429384321218,0.450412825651303
0.696819840938491,0.578590593037073,0.548552674317011,0.00254379951980979,0.00139590214903091,0.0028475027862712,0.627209900447064,9.84317047299526e-06,0.0540595003635167,0.450619238476954
0.69702945069106,0.578195650492302,0.547566629253866,0.00255939752440805,0.00140619247090576,0.0028506800035147,0.627857361452573,9.89357947815872e-06,0.0539671143577286,0.450825651302605
0.698159647177078,0.574541379724767,0.547477714881692,0.00256393704529218,0.00140515404063885,0.00285169459424121,0.627237361595071,9.91603895854704e-06,0.0538786162601872,0.451032064128257
0.698277931092894,0.574368965099359,0.548983611319639,0.00253969561939405,0.00139359379546567,0.00282895256015182,0.626944185521836,9.72015415901514e-06,0.0537943506315587,0.451238476953908
0.701119521835168,0.579226197679564,0.552730937968993,0.00258169888583337,0.00141074981050767,0.00284917270520518,0.627318749983379,9.93888137620706e-06,0.0537010295665966,0.451444889779559
0.699795707898214,0.573657221978133,0.543687822365513,0.00256300292448298,0.0013974855018076,0.00282993478333088,0.62707822370383,9.82610382847951e-06,0.0536172895909253,0.45165130260521
0.697343155502545,0.57400613398062,0.545219565947633,0.00255523394746405,0.00139201951980235,0.00283063445874434,0.62698646983336,9.78739818724828e-06,0.0535280841692919,0.451857715430862
0.699124972378421,0.570604484896461,0.545372738734132,0.00256310388905937,0.00139336226856284,0.0028175592252415,0.626936748029077,9.7470158379979e-06,0.0534319124293895,0.452064128256513
0.696211763836136,0.576630696088259,0.545965524982509,0.00255812911589964,0.0013919249237392,0.00281883909342637,0.626955624308575,9.72800902981946e-06,0.053348996643792,0.452270541082164
0.699469108356,0.577165484204333,0.543665700747585,0.00257053272885843,0.00140329135495996,0.002834382383512,0.627790033736514,9.83862406993611e-06,0.0532673384198328,0.452476953907816
0.698563236952521,0.573584950355995,0.54679786632632,0.0025708904117767,0.0014002830102775,0.00283272457055857,0.627573255656388,9.8160123798581e-06,0.0531782023032727,0.452683366733467
0.697134904058841,0.57227226149977,0.547549235891131,0.00255176944046404,0.00139015857972345,0.00281662976697869,0.627128789810291,9.72219690339144e-06,0.0530822077738285,0.452889779559118
0.697945451905947,0.570950815085038,0.539265293815387,0.0025585309493967,0.00139198415620376,0.00280403489407732,0.626850462465717,9.71071942853405e-06,0.0530005990957217,0.45309619238477
0.699185579264003,0.572721572751405,0.546167383950407,0.00259160503023247,0.00140097548986493,0.0028260135778482,0.62749364616578,9.88753287678591e-06,0.0529145593521122,0.453302605210421
0.700083067980968,0.572280675691317,0.5426550975441,0.00256498132896,0.00138881366564513,0.00281020803016677,0.626457066526224,9.73050382536478e-06,0.0528269527845214,0.453509018036072
0.695626293332645,0.567653105628085,0.544097604392664,0.00255633976446856,0.00138157185525263,0.00281485263520669,0.626841604927374,9.69789775085388e-06,0.0527408442181409,0.453715430861723
0.698263072736133,0.571213854883743,0.546283813884996,0.00256390950593242,0.00138897051455736,0.00280193294937456,0.626784474795896,9.68593001590901e-06,0.052645730875386,0.453921843687375
0.700207731349138,0.575820806834715,0.545989320684832,0.00259024239586615,0.00139627055124347,0.00283394533896727,0.626865088593151,9.9078864275049e-06,0.0525695318978605,0.454128256513026
0.698969529948218,0.576904576102522,0.54786587896524,0.00261244190338701,0.00141217549448478,0.00284754746408296,0.627925551884825,1.00521062064318e-05,0.05247429411881,0.454334669338677
0.702758090101918,0.573452420424042,0.544393910509565,0.00260250589988282,0.0013989157531461,0.00283168073705482,0.627192037857343,9.91178335204227e-06,0.0523874986845562,0.454541082164329
0.700346406318267,0.567964186915194,0.542576918134916,0.00256806207698606,0.00137832594483786,0.00279686209360501,0.626449048823747,9.72749753264033e-06,0.0523011185290374,0.45474749498998
0.700455868781233,0.574615130477724,0.543063316230841,0.00257904981938239,0.00138948259803901,0.00279530977689814,0.627294024371529,9.71279711369643e-06,0.0522097223106475,0.454953907815631
0.700075073393895,0.576472049742762,0.548918398392892,0.00260084330117936,0.00139617082647039,0.00284100771524308,0.627482843193189,1.00120176318443e-05,0.0521216536700097,0.455160320641283
0.698723972365389,0.571962522467541,0.541610262430308,0.00256610169299544,0.00137488428151963,0.00278364962801215,0.627341021359943,9.63076860399e-06,0.0520340003466894,0.455366733466934
0.700594194261652,0.573731198856317,0.547214972532831,0.0025809642969582,0.00138282900846942,0.00279232130584988,0.627223740933803,9.71717038565006e-06,0.0519504253116035,0.455573146292585
0.70148807116366,0.567702391851891,0.540942565579191,0.00256330581168955,0.00137728416667358,0.00278595640819201,0.62626489423568,9.63945655835497e-06,0.0518671059900721,0.455779559118236
0.695744842544928,0.564697606945144,0.538379734849299,0.00257089856846446,0.00137938927648916,0.00277416968464736,0.626040488280402,9.57675733006012e-06,0.0517848780165904,0.455985971943888
0.697761704632119,0.560808306785649,0.531366136938524,0.00252992179119803,0.00135237502351479,0.00272766891188057,0.625017486262797,9.25601911789995e-06,0.0516888056342458,0.456192384769539
0.698144557825551,0.566942759298041,0.541609637420154,0.00258708556666991,0.00138368670862142,0.00279827310585234,0.626658489135712,9.74679077096258e-06,0.0516099175323826,0.45639879759519
0.701161184988424,0.56784455665237,0.541310000226436,0.00257731621451131,0.00137485532191612,0.00277145943852408,0.626025346789828,9.59777375944465e-06,0.0515170382625204,0.456605210420842
0.698569813893158,0.564432164622911,0.540896126594101,0.00259548177875761,0.00138867126092957,0.00280760530211574,0.627093658931157,9.81671402711134e-06,0.0514395511517809,0.456811623246493
0.696089934764806,0.564868323290334,0.541260605117882,0.00257517780293529,0.00137187163595459,0.0027847067929696,0.626670016139833,9.68014930205079e-06,0.051355254061346,0.457018036072144
0.697727363520192,0.562541444979544,0.535485662119425,0.00256753738907008,0.00136927782069777,0.0027682710680544,0.626229235903548,9.59490566204628e-06,0.0512689669720116,0.457224448897796
0.702858873891591,0.570376749329307,0.54360995976014,0.0026148012197758,0.00138217489810119,0.00279087635750834,0.62674927495737,9.8341007236274e-06,0.0511772275440086,0.457430861723447
0.698782981539845,0.561652357454633,0.538171169396971,0.00257467496175629,0.00136930805330109,0.00275715812110976,0.626080565377591,9.54893770701736e-06,0.0510937851251814,0.457637274549098
0.702854593815627,0.567570847904173,0.539399325519334,0.00261239964287057,0.00137671555657296,0.00277032779501412,0.626515272732263,9.73040206202903e-06,0.051003003664109,0.45784368737475
0.698257279944635,0.564907942213872,0.538280029646928,0.00259456886468313,0.00138296889293076,0.00279243383658822,0.627048688775504,9.75062635966662e-06,0.0509269698538085,0.458050100200401
0.698232628097927,0.563311321054965,0.539738583908987,0.00257408513331512,0.00136891031075143,0.00277634549346858,0.62667261309358,9.65365370432796e-06,0.0508404428372914,0.458256513026052
0.701847045995536,0.5680235346826,0.540799569160266,0.00259815545998382,0.00137203846267198,0.00276813090971116,0.626756945459018,9.67776766010388e-06,0.050746605294235,0.458462925851703
0.701783327652676,0.565224273916162,0.538249066715593,0.00260867265831234,0.00137911606200828,0.00277584340611885,0.626294836820633,9.73215597498173e-06,0.0506741630144947,0.458669338677355
0.707684670981524,0.571200566054255,0.543889644312217,0.00262711107965025,0.00137384305814781,0.00277299404401919,0.626376468259557,9.79782710694713e-06,0.0505801799876384,0.458875751503006
0.70052422271787,0.560089823458155,0.537472667692469,0.00258502502232827,0.00136659548945964,0.00274289147760228,0.625838673005138,9.52335616706933e-06,0.050498992872008,0.459082164328657
0.700137049466657,0.563464288724736,0.539895481716651,0.00259308226211464,0.00137001966402703,0.00276182767017714,0.62610682401093,9.61988770780231e-06,0.050416553461237,0.459288577154309
0.702752597482875,0.566917026363541,0.541416413015668,0.00263169165648258,0.00137731500435096,0.00278709197901672,0.627133559282959,9.8897476231044e-06,0.0503305585635145,0.45949498997996
0.698724618659315,0.563103108749309,0.53980650417236,0.00261839057896604,0.00137899624298542,0.00278851870945195,0.626884352581221,9.80482871096674e-06,0.0502463205974864,0.459701402805611
0.70034605357906,0.561196956350876,0.537270380612968,0.00259542464431902,0.00136854054920854,0.00273473528511422,0.625917715322696,9.52809013407328e-06,0.0501652298639953,0.459907815631263
0.701348932211665,0.569331593461538,0.540105807611157,0.00263403197505943,0.00138322002769902,0.00278514103143925,0.627213224600241,9.8584211870068e-06,0.0500772329913656,0.460114228456914
0.699546826534288,0.565889628766654,0.54283015580849,0.00262329654024267,0.00137352217984964,0.00277552359079505,0.626829340580281,9.85925158796971e-06,0.0499882595070658,0.460320641282565
0.699060140866772,0.556417108203194,0.53125843652485,0.00259993591124779,0.00135526493478207,0.00273941263650221,0.625657984509852,9.5761516138154e-06,0.0499032814389606,0.460527054108216
0.700292320105351,0.561319851701013,0.535764391931051,0.00260971601369504,0.0013631070607951,0.00273589908406308,0.62610356367233,9.59209718398369e-06,0.0498257838558816,0.460733466933868
0.700530256884959,0.562181576111544,0.53761906989588,0.00261063963095047,0.00137242584456107,0.00276853622751962,0.626575578204432,9.719482305134e-06,0.0497368993988554,0.460939879759519
0.701074517903481,0.557752373331647,0.535367320907725,0.00260923386065818,0.00136233445662331,0.0027275895700768,0.625514465951625,9.5716998474379e-06,0.0496515234063067,0.46114629258517
0.700638538296435,0.559232660161597,0.538302682742777,0.00262157460464419,0.00136741592336463,0.00274701665869524,0.626590657167503,9.68751101048042e-06,0.0495780699797125,0.461352705410822
0.701677448276028,0.562077215053594,0.537179731598293,0.00264198211837884,0.00137643099213845,0.00276885682034865,0.626200845208523,9.83948978047036e-06,0.0494928853415993,0.461559118236473
0.700172346420755,0.558415145959766,0.535091314729002,0.00261263575877185,0.0013583996737004,0.00273773879260805,0.625711944127929,9.60788082662902e-06,0.0494028460661223,0.461765531062124
0.701653611385702,0.559031116957652,0.53435714890672,0.00262821002244945,0.00136318511407568,0.00273266558143499,0.625686433332075,9.65514140246829e-06,0.0493272193734251,0.461971943887776
0.704653265840263,0.563379920596213,0.539879749886993,0.002628475585778,0.00136907556482641,0.00274118452504872,0.625961680860298,9.6704788527834e-06,0.0492360066577385,0.462178356713427
0.69769506501815,0.558635055299326,0.535200008964205,0.00262592258244342,0.00137003700153571,0.002754391870184,0.626300528445987,9.71528124611772e-06,0.0491601155334462,0.462384769539078
0.696767869418755,0.55454998441971,0.532869491263223,0.00259890291303442,0.00134304699807132,0.00271979271613335,0.625569799768424,9.55040516711657e-06,0.049080409299305,0.462591182364729
0.70084689365356,0.559189209958828,0.538549888689746,0.00264496432523876,0.00136929762405108,0.00275326751812896,0.626573801637127,9.81361538581659e-06,0.0489946752655249,0.462797595190381
0.702074425178978,0.561761844760768,0.533823423364787,0.00266524252323569,0.00137394153629751,0.002753042417583,0.626482210082481,9.86294208829453e-06,0.0489082714640643,0.463004008016032
0.69907695870307,0.554509040127814,0.53327636411991,0.00262967529710915,0.00135228166961762,0.00272493552371589,0.625215741674111,9.63953706573937e-06,0.0488252332314206,0.463210420841683
0.704837415480497,0.560248765449009,0.535215932120545,0.002645063087988,0.00137011722969313,0.00273671062568846,0.625694110816249,9.7011405164367e-06,0.0487457229128582,0.463416833667335
0.704975108380066,0.55557357277255,0.532947407913623,0.00264087815227431,0.00135240782436021,0.00272324174872013,0.625484020312459,9.65971199532644e-06,0.0486551988421902,0.463623246492986
0.703443751820131,0.557784037892536,0.531600933640701,0.00262812612052593,0.00135113884119165,0.00271220509993588,0.625636535646672,9.58427772276769e-06,0.0485859386286138,0.463829659318637
0.705134352469038,0.561649547085931,0.537724896230816,0.00267040689409231,0.00136908211598654,0.00275162202401454,0.626723934138909,9.88434247968889e-06,0.0485000446604821,0.464036072144289
0.703464643660256,0.556760865066893,0.534312879448153,0.00264009021797901,0.00135174651339938,0.00272237861171259,0.625420746160335,9.67447592967284e-06,0.0484127538369462,0.46424248496994
0.701969229243522,0.553448240803525,0.535688785867677,0.00264392191636086,0.001353848917834,0.00272691811344189,0.625802443202874,9.72305350322032e-06,0.0483330750693452,0.464448897795591
0.704337479477034,0.558614315482196,0.538004233002884,0.00268454841140777,0.00137020025783297,0.00274461816334766,0.626112945064256,9.94581274848174e-06,0.0482500265792552,0.464655310621242
0.702162957754295,0.55750260895441,0.536485218980991,0.00267037940252657,0.00137287195654634,0.00274357998661973,0.62662698502543,9.87783131954886e-06,0.0481710685302065,0.464861723446894
0.698324924877419,0.554205719326968,0.53135546633395,0.00264085939791025,0.00135533841792152,0.00273268233911001,0.625977225599154,9.71448693939195e-06,0.0480904466355252,0.465068136272545
0.706191974414965,0.557511289099785,0.532920818729928,0.00268561992337806,0.00136199607364683,0.00272777147507088,0.625881654686393,9.87565289751195e-06,0.0480069161886715,0.465274549098196
0.70330728746312,0.550277480269947,0.530368651408578,0.00265881768234022,0.00134857648276629,0.00271523368252148,0.625804279688561,9.76615335048822e-06,0.0479230781696718,0.465480961923848
0.703013398650195,0.553177375573072,0.53518675597002,0.0026495601857859,0.00134907693225262,0.00271329873437433,0.626068999277005,9.67494571073703e-06,0.0478459327705166,0.465687374749499
0.706567075328487,0.556296399772503,0.531464101120055,0.00266366118303593,0.00135079918044639,0.00270854988866748,0.626149488408513,9.75780941692263e-06,0.0477640547729917,0.46589378757515
0.703748275919063,0.549709977913812,0.525318209719856,0.00267125077500836,0.00135674614089755,0.00272699195206741,0.625133681498034,9.8124208285926e-06,0.0476854305228995,0.466100200400802
0.706086252300159,0.554610356055042,0.531107088967362,0.00266069581718191,0.00134310843766229,0.00270208259337009,0.624839125980395,9.69737871643308e-06,0.0475962623479334,0.466306613226453
0.704549926132679,0.552944459757227,0.531005741781502,0.00265845469813598,0.00135035331590214,0.00270872825080629,0.625801747257788,9.70531186397906e-06,0.0475163686253646,0.466513026052104
0.707245628301701,0.556255975069212,0.533765131817539,0.00269282519062216,0.00136084848446034,0.00272310725016732,0.626125543937233,9.83792370414868e-06,0.0474442050273488,0.466719438877756
0.702199280155174,0.550623096372879,0.529668484833914,0.00265522674453255,0.00134091905043922,0.00270383943284068,0.62536288485198,9.72248871820326e-06,0.0473605749087492,0.466925851703407
0.704919249833135,0.554724164743469,0.532519498479706,0.0026834055511839,0.00135180647388922,0.00271212021404776,0.625876911151888,9.83648810964743e-06,0.0472776342293642,0.467132264529058
0.706329189502049,0.55214644011094,0.529203803654547,0.0026725230898575,0.00133940188093891,0.00267889636688878,0.625295625436706,9.67564242469483e-06,0.0472052881897323,0.467338677354709
0.703107081471564,0.551636890826292,0.528462086931402,0.00268327021926759,0.00135062804119019,0.00270731624447177,0.625624715794485,9.77644943837932e-06,0.0471234529455204,0.467545090180361
0.705747447633133,0.549912856835847,0.531494174930064,0.00268230871718086,0.00134855675817975,0.00270460742754426,0.625543965307739,9.78911788613456e-06,0.0470363955468547,0.467751503006012
0.70456811390558,0.54647319884978,0.527458731579653,0.00268789602125363,0.00134935136739269,0.00270669398863732,0.625165745327398,9.84832658677968e-06,0.0469664273219167,0.467957915831663
0.706073982999255,0.551329874966869,0.529712861194501,0.0026873934126635,0.00134784346284341,0.0027065162956295,0.625122084405664,9.74585208839809e-06,0.0468812911701913,0.468164328657315
0.703571354083306,0.550386311627666,0.528090754851909,0.00268545524034655,0.00134635893601812,0.00266859991790611,0.624846677523513,9.62758837527517e-06,0.0467980711379261,0.468370741482966
0.703487537096496,0.542583015812875,0.522757413155428,0.00266418636385845,0.0013322221256393,0.00265871255426917,0.624364609590898,9.58977692668071e-06,0.0467214249226179,0.468577154308617
0.704165476894424,0.549899020430096,0.533152911347484,0.00270654681083569,0.00135091183691997,0.00271638516851033,0.625600805376823,9.9450552355738e-06,0.0466453237923371,0.468783567134269
0.703877307923227,0.543635693048887,0.526090101135272,0.00265288081903911,0.00132791465216428,0.00265049062010515,0.624451556207351,9.47395551579866e-06,0.0465676975377326,0.46898997995992
0.705655740313935,0.550546387085702,0.528527978975732,0.00268361844181908,0.00133924200338186,0.00267310002793701,0.624888583856577,9.65210030991008e-06,0.0464917024247436,0.469196392785571
0.706683856725235,0.549498639446789,0.528833136290062,0.00271095140847471,0.00135672474021031,0.0027011972904204,0.625557130217404,9.89394665034551e-06,0.046410538495812,0.469402805611222
0.706279228076561,0.545376851289147,0.524082482330439,0.00267402491771256,0.00133541000088182,0.00266911695901978,0.624694957069453,9.63424205313706e-06,0.0463249788797633,0.469609218436874
0.707350318406615,0.54811389628487,0.528550044000991,0.00270856966619909,0.00134324482927009,0.0026809799579536,0.62443519802808,9.78769512304858e-06,0.0462404967430048,0.469815631262525
0.706685251041736,0.542534287052416,0.52746976553445,0.00267865593532237,0.00132806173595571,0.00264620507857328,0.623678223537856,9.54545125218363e-06,0.0461697811174839,0.470022044088176
0.703268658789746,0.541633180089859,0.522511222603086,0.00268396885123358,0.00132861442296176,0.00266461828042126,0.624810346093184,9.68851212488266e-06,0.0460904395152257,0.470228456913828
0.707154372387639,0.545954966876317,0.525585175022832,0.00269340515571465,0.00133828876884765,0.00267228383975776,0.624505573264625,9.72251627657316e-06,0.0460160458735123,0.470434869739479
0.706450373105443,0.54486440901956,0.528713898931976,0.00269277262915843,0.00134206977580785,0.00267095390884779,0.624131348773372,9.69609716030977e-06,0.0459405093332393,0.47064128256513
0.704527598455465,0.54444820450081,0.52211065942799,0.00267796833993885,0.00132254516144093,0.00263636023660701,0.623920842761854,9.53214123177754e-06,0.0458610034107588,0.470847695390782
0.707287971380962,0.548084075612609,0.525936139780544,0.00271632014501453,0.00134053565149904,0.00266933681746124,0.624488990887405,9.78140977853733e-06,0.0457828104838068,0.471054108216433
0.703869668120426,0.544351254202859,0.527429932060987,0.00269209907666107,0.00133833516616055,0.00266604059898234,0.624321953070683,9.6544937555877e-06,0.0457023527693089,0.471260521042084
0.707246816504669,0.541928400439553,0.522252206621116,0.00269475968637862,0.00132736598707893,0.00265160830582972,0.624284267547169,9.65842242834915e-06,0.0456255814704296,0.471466933867735
0.708952477140882,0.548908398499039,0.52623453658425,0.00272167668240233,0.00133538832681061,0.00265648792318703,0.624542516887737,9.77611061065424e-06,0.0455396112852297,0.471673346693387
0.705041415841975,0.54571725263969,0.527634419066048,0.00274226577500493,0.0013478074442794,0.00269120159018434,0.625295073673363,9.99744255253789e-06,0.0454743168486992,0.471879759519038
0.704520942947898,0.541988510112743,0.526890221419795,0.00270644691049406,0.00133249296852543,0.00265851029303076,0.624591783805971,9.7372925960999e-06,0.0453949679274099,0.472086172344689
0.706879179945506,0.544034584578729,0.521700998091382,0.00269732718489763,0.00132589125909408,0.00263554748627516,0.624389680742975,9.63923228451157e-06,0.0453242488307632,0.472292585170341
0.707631213228163,0.547905769357183,0.530553817654222,0.00273623049430664,0.00134273010626936,0.0026793720481777,0.625020134320988,9.8572768494244e-06,0.0452366705605617,0.472498997995992
0.704678225520652,0.543665538139552,0.523000365472972,0.00269356189961207,0.00132302959397599,0.00263920517494402,0.624472943724015,9.62896818941058e-06,0.0451667371458528,0.472705410821643
0.706644443627865,0.540943287776519,0.527914407282265,0.00271633535480978,0.00132760276943423,0.00265720612785911,0.624277807250032,9.78181787138208e-06,0.0450904756582088,0.472911823647295
0.705650486037542,0.53862567421406,0.522851000608725,0.00270231583830451,0.00132068582568568,0.00263706283367602,0.623744671612023,9.67057914105975e-06,0.0450127767277671,0.473118236472946
0.706896055246383,0.542490131089825,0.52707024794543,0.00273652897084997,0.00133662268619599,0.00266142362134314,0.62437470893382,9.84602733542861e-06,0.0449430714010284,0.473324649298597
0.708335908154021,0.543660963561115,0.527078284061751,0.00275724723473222,0.00133768429387428,0.00267753925351085,0.625053576828135,1.00084742718783e-05,0.0448600890253716,0.473531062124249
0.707964778297208,0.544209221393976,0.523872128325999,0.00276417876464853,0.00134583411363161,0.00266670874302799,0.625019512304307,9.98315104514318e-06,0.0447827962957945,0.4737374749499
0.706140732582814,0.538753183942183,0.520179754686727,0.00274171901607942,0.00133065639015086,0.00265730466095337,0.624130031759312,9.86545675448681e-06,0.0447140951875246,0.473943887775551
0.702931069348861,0.539101204925392,0.522860461132053,0.0027000472389589,0.00131970286551398,0.00262496639210933,0.623996096428133,9.58174032084117e-06,0.0446330877889552,0.474150300601202
0.709219539542071,0.541206946148141,0.523863258308647,0.00275136105018591,0.00132628654671685,0.00265006567401496,0.624828059144304,9.92798314255068e-06,0.0445577558702696,0.474356713426854
0.70961685688506,0.54520252568865,0.520110384947097,0.00274716711009402,0.00133043398502779,0.00262655561783831,0.62402202239148,9.77856097613597e-06,0.0444856585500976,0.474563126252505
0.704820701311164,0.535814067968867,0.517119956125269,0.00269515796362906,0.00131034070416734,0.00260773326086206,0.623037932086022,9.49925749298865e-06,0.0444059871950401,0.474769539078156
0.711272454236566,0.538301308676129,0.526537736832822,0.00274339145457209,0.00131878799940171,0.00263792762411085,0.623662724628501,9.87077591191761e-06,0.0443344527346694,0.474975951903808
0.707034689001544,0.538735001264121,0.522917848164745,0.0027605091042819,0.001332001856729,0.00265353722915099,0.624518051754762,9.95503504046949e-06,0.0442571090418151,0.475182364729459
0.709008161072071,0.539373552053585,0.523397631987602,0.00274388694766816,0.00132140854788958,0.00262383998981193,0.623856364180884,9.76625484125521e-06,0.044179415531399,0.47538877755511
0.707329696573006,0.535878556498279,0.521993374007425,0.00271684305072166,0.00131101450235503,0.00260478588775109,0.62363176215588,9.61767626701506e-06,0.0441118548216064,0.475595190380762
0.707227347024597,0.53523387069027,0.518406417477659,0.00275393233390086,0.00132007079296309,0.00263648597362249,0.623627886815635,9.86030290737066e-06,0.0440334294394151,0.475801603206413
0.709956147373181,0.532988601203471,0.51903137427033,0.00272744880940874,0.00130657404747159,0.00260056860843945,0.622945951699636,9.620199125491e-06,0.0439569476503284,0.476008016032064
0.70867887969762,0.535888673562113,0.520106183593485,0.0027616906911378,0.00132434431331012,0.00264533112816704,0.624585133580686,9.97009404265071e-06,0.0438818789077475,0.476214428857715
0.704961925048301,0.529556362714288,0.511802264034211,0.00269970678536393,0.00129114483008092,0.00257125323695915,0.622602056903223,9.46523210450676e-06,0.0438115091149481,0.476420841683367
0.705032290229298,0.533364639969904,0.518530649737757,0.00276160021734493,0.00132781307979457,0.00263230720040031,0.624207689604955,9.89437808654579e-06,0.0437396961168882,0.476627254509018
0.708401024177585,0.532048111970904,0.519556651960935,0.00275255045262686,0.00131343138709854,0.00260736866749247,0.623364185064862,9.7845664431816e-06,0.0436734264100044,0.476833667334669
0.712254718666953,0.534097593963763,0.52387605634426,0.00276220778693259,0.00131443377436085,0.00262254665302118,0.623927223152169,9.92107547970368e-06,0.043596211000412,0.477040080160321
0.70582033248714,0.533297721372829,0.520161942471389,0.00275354411456238,0.0013159333392495,0.00260934603231866,0.623321290210524,9.78619251858453e-06,0.0435143922874287,0.477246492985972
0.709756762736017,0.537301906007839,0.521524939253461,0.00278142008293338,0.0013253498035687,0.00262237650730361,0.624151123782155,9.9024089310153e-06,0.043448839757308,0.477452905811623
0.705639293376113,0.530002054024135,0.518708071921944,0.00273501702880945,0.00130904641144583,0.00261005416640057,0.622483000258851,9.6724986971548e-06,0.0433746600377716,0.477659318637275
0.707421536093858,0.529787514873039,0.516625911270495,0.00276179073170973,0.00131130323002947,0.00260306248578442,0.622994116195813,9.81283764506166e-06,0.0433010407242398,0.477865731462926
0.712672136011295,0.532136692280242,0.514470974176039,0.00275318637695543,0.00129980317686133,0.00256864211785604,0.621696218556035,9.68589540058102e-06,0.0432280204331451,0.478072144288577
0.708512044401371,0.530115316773095,0.513653522988533,0.0027550752342482,0.00131173486895063,0.00260382329760633,0.623214116270411,9.76893261354504e-06,0.0431551151660276,0.478278557114228
0.709886876557501,0.528722741967755,0.514656104657826,0.0027486255760502,0.00129470695933134,0.00256102743854079,0.622089720069795,9.63932395191333e-06,0.0430827616217422,0.47848496993988
0.712010078594516,0.536365707031986,0.520318576635501,0.00279689453521431,0.00131889953955897,0.00261927475153066,0.623334962722554,1.00184454042326e-05,0.0430155346843912,0.478691382765531
0.713557852925621,0.528177413806777,0.516933173549193,0.0027463634571465,0.00129696375204925,0.00256381268273982,0.62199973397839,9.60852406820666e-06,0.0429448256441631,0.478897795591182
0.711941266517654,0.533187400651414,0.518931564208956,0.00278375742995458,0.00131681534347024,0.00260841599759194,0.622824390668218,9.89182243477006e-06,0.0428730015162062,0.479104208416834
0.711526238371332,0.536069018880371,0.519702894983713,0.00278837339430471,0.00131790003114021,0.00260378406592581,0.623563795119134,9.92482919395953e-06,0.0427971379913084,0.479310621242485
0.709297429972672,0.527547588464993,0.516053230817697,0.0027593893110126,0.00130615240081728,0.00257033256650131,0.622486870309893,9.6898429938834e-06,0.0427333710934161,0.479517034068136
0.710503525447454,0.529571190818603,0.516357705150256,0.00277270726353305,0.00130735259647533,0.00258460814712519,0.622521781193232,9.8104806324058e-06,0.0426589752301402,0.479723446893788
0.714292005732892,0.530165504480196,0.513428911979685,0.00277505889180874,0.00129720890983516,0.00256400141281038,0.621698841376893,9.75070377917923e-06,0.042586397456469,0.479929859719439
0.712987163693303,0.529230701568784,0.519378331227075,0.00279845014523371,0.00130693245716335,0.00259702014038928,0.622210686663779,9.97936394044173e-06,0.0425139172271265,0.48013627254509
0.709813226304039,0.52855517884187,0.515304042272032,0.00277898274078199,0.00130492803631308,0.0025760224628676,0.622654458982597,9.7817547086996e-06,0.0424478028389949,0.480342685370741
0.713004637432662,0.526981305753746,0.519339293717734,0.00278345238262971,0.00129932966254287,0.0025856398656282,0.622557569277776,9.8711169746432e-06,0.0423742410367903,0.480549098196393
0.717225350352229,0.5284326189486,0.517026308335518,0.00281721169327251,0.00130507970979971,0.00257695568585994,0.622179918999966,1.00006965247279e-05,0.0423070970061198,0.480755511022044
0.710614327579832,0.526758045134479,0.512578845377605,0.00278037372230556,0.00130133843532901,0.00256751106027918,0.622202756820902,9.7515714364899e-06,0.0422319907556654,0.480961923847695
0.714388676569465,0.520592902187944,0.514639625944915,0.00280229934344157,0.00130085039378152,0.00255856324829477,0.621747234378995,9.83945893064924e-06,0.0421668601416177,0.481168336673347
0.713962580158095,0.527730256273715,0.514536992960915,0.00280537476590801,0.00129559567827187,0.00257259545875002,0.622429504625781,9.94449877883866e-06,0.0420928199393651,0.481374749498998
0.716215556299881,0.52488313413657,0.516075467364584,0.00279067024520041,0.00129063455189729,0.0025512865849723,0.6213817256475,9.7880535934629e-06,0.0420302394100242,0.481581162324649
0.717163201796936,0.530045328072916,0.515746606489297,0.00282544866942568,0.00130319498365363,0.00257012930639552,0.62183258751969,1.00034876195961e-05,0.0419550716251816,0.481787575150301
0.71290156474024,0.524891544243151,0.512598292013693,0.00281252944222071,0.00129910643882998,0.00255903330066885,0.621744938610677,9.91401936139683e-06,0.0418920547352859,0.481993987975952
0.71336084256482,0.52794710316982,0.515749949961945,0.0028121589325217,0.001304769483323,0.00258029659500246,0.622743448521467,9.95832492217916e-06,0.0418143892757297,0.482200400801603
0.717068202560801,0.524454389243924,0.515191109103885,0.00283765604896978,0.0013027369189418,0.00256396860087144,0.621860939950226,1.00464648978753e-05,0.0417505299278892,0.482406813627255
0.714987341552363,0.52064613242089,0.511329574756232,0.00281771443923312,0.00129561966738157,0.00256610216032518,0.621555584914946,9.93620913516631e-06,0.0416828509225423,0.482613226452906
0.713944612812842,0.521633022396078,0.506732914792451,0.00278983135642653,0.0012917622379841,0.00253673435948445,0.620682309818076,9.72887430946583e-06,0.041612219128334,0.482819639278557
0.713568534502004,0.520948371764922,0.509173946785074,0.002808182355846,0.00128701472282629,0.00253429753889933,0.621229422219836,9.84191122379645e-06,0.041546316735159,0.483026052104208
0.718133096023041,0.52858654752818,0.514569032633074,0.00286151745313614,0.0013048188340956,0.00257184739622301,0.622402583459265,1.02040051931131e-05,0.0414776137816671,0.48323246492986
0.71288393508885,0.520977119216144,0.507179028532046,0.00280017776523635,0.00128721859694663,0.00254808437333065,0.621678664163169,9.83376996086014e-06,0.041410075008793,0.483438877755511
0.717712691237532,0.521424366512378,0.511903684135373,0.00281963639436861,0.00128927760794878,0.00252557891189114,0.621114899628866,9.87511308185918e-06,0.0413418857686869,0.483645290581162
0.715316192694458,0.517658830635722,0.506792519065958,0.0028227337509932,0.00128339391518701,0.00253102068851024,0.620991690230132,9.91458004036821e-06,0.0412803361533691,0.483851703406814
0.715595572781177,0.521212244352491,0.514326481487595,0.00283149658787561,0.00128370237745935,0.00255519565253208,0.621424935708345,1.00057747748821e-05,0.0412115654672661,0.484058116232465
0.719830576429265,0.526619219346408,0.513880177173646,0.00283396634572657,0.00128900347498156,0.00255506078479432,0.620880583053829,9.97731794342516e-06,0.0411415753871272,0.484264529058116
0.717972969636427,0.526935170834354,0.517586919665037,0.00283250939574681,0.00128795025039088,0.00254046175542814,0.621753911773121,9.95983229173233e-06,0.0410805022932188,0.484470941883768
0.715644679501451,0.518572394968661,0.509532842615922,0.0028255363425608,0.00128638033309256,0.00253320792677874,0.620861523061993,9.9228749560335e-06,0.041007739503462,0.484677354709419
0.719665352315712,0.5222468298539,0.512173404478673,0.00283013657395288,0.0012817321002478,0.00253122767539706,0.620940380478109,9.90637340693352e-06,0.0409519173486875,0.48488376753507
0.71726144650639,0.519875708174862,0.51254438939984,0.00285075785784953,0.00130116458981821,0.00257432986098136,0.621577788972949,1.01012835170553e-05,0.040880726226001,0.485090180360721
0.718266228689071,0.51806973669631,0.508098399079499,0.00284189729326802,0.00127857641700334,0.00251767647512873,0.620299055869687,9.93747894805395e-06,0.0408129762663077,0.485296593186373
0.715091879269384,0.517800071138358,0.50964887253675,0.00284303793530999,0.00129086775181485,0.00255223269508472,0.621347384975191,1.00302657045135e-05,0.0407487055546468,0.485503006012024
0.716394428551371,0.518311207852829,0.510026204375662,0.00283332062884879,0.00128731462602057,0.00251949468968506,0.620494495453371,9.90359176311595e-06,0.0406797059197274,0.485709418837675
0.718540621930411,0.521879435899099,0.512667023737879,0.00287084533587231,0.00128982257512908,0.00253970349734764,0.621199303810156,1.0138237310601e-05,0.0406159587551595,0.485915831663327
0.715199155110665,0.515659706866591,0.509862059830042,0.00283434739381406,0.00128489074767456,0.00251437362185613,0.620598646731514,9.88750925229715e-06,0.0405459016425043,0.486122244488978
0.717668031304849,0.521781337576277,0.514105364235237,0.00287232500764534,0.00129515899110724,0.002541876035789,0.621777471300198,1.01485256448362e-05,0.0404880979639278,0.486328657314629
0.713980103435213,0.514081658327072,0.505918384546833,0.00284057133911509,0.00127757539983782,0.00251086023678731,0.620406983933927,9.90972657851978e-06,0.0404260712190986,0.486535070140281
0.717039753741334,0.516164809112574,0.510848790764661,0.00285507651651009,0.00127848589975928,0.00252701758412523,0.620684183936243,1.0029707222456e-05,0.0403629157220849,0.486741482965932
0.715436527045334,0.513611249542892,0.505371589486827,0.00284870248975226,0.00128444715336636,0.00252143996319246,0.620756491496353,9.95749805049886e-06,0.040302911229807,0.486947895791583
0.720711872163325,0.514098974105142,0.505867529130022,0.00285588213018556,0.00127748062352897,0.00251562687146094,0.620090315230863,9.98507619167617e-06,0.0402354818007786,0.487154308617235
0.716714893075686,0.512113242671906,0.506009545677681,0.00285400497295003,0.00127825793379424,0.00250133770004545,0.619715400107427,9.94881207519305e-06,0.04017857801702,0.487360721442886
0.718889348350073,0.508986310505558,0.503900103064546,0.00285500924310471,0.00127501781967112,0.00250488021647194,0.619256162106258,9.9811346178688e-06,0.0401040983407903,0.487567134268537
0.720873181742678,0.515085092100635,0.504956931522583,0.00286828331401682,0.00127668077395769,0.00249415382137755,0.620439474216416,9.99458832853001e-06,0.0400488717082185,0.487773547094188
0.716797553462332,0.51152533349839,0.5011507434135,0.00286913982028848,0.00127580493370712,0.00250013658563278,0.61951009925939,1.00030966604054e-05,0.0399889302215636,0.48797995991984
0.717906251313986,0.507849176578268,0.497584847891585,0.00283978921234468,0.00126273213825202,0.00248129075799166,0.619123841290471,9.87704617682929e-06,0.0399115009935424,0.488186372745491
0.718790876720292,0.514182858121244,0.503801572381999,0.00288842241309199,0.00127484214815356,0.00250544133531497,0.619741736974655,1.01535166628214e-05,0.0398583671942251,0.488392785571142
0.718447389703457,0.512625278463343,0.5021123444163,0.00285591155854947,0.00127052646050556,0.00247859467321563,0.619138251805921,9.90500393536326e-06,0.0397963259868617,0.488599198396794
0.71537699071604,0.50377856466038,0.498469398358728,0.00284190790793658,0.00125431235848987,0.00247928828911319,0.619060198190303,9.89954246931175e-06,0.039729109651218,0.488805611222445
0.719945070010024,0.508637807225518,0.498288670032726,0.00286712971271632,0.00126645470121564,0.00249164443959996,0.618729422675071,1.00041721923446e-05,0.0396696862564983,0.489012024048096
0.71921589746708,0.5101183355799,0.507008817527783,0.0028996019191656,0.00127496626670332,0.00250109291427777,0.619719940505969,1.01858377131482e-05,0.0396160896044923,0.489218436873747
0.71590424578293,0.508626768140784,0.499542622444577,0.00285832483020502,0.00125662383329638,0.00247249036879575,0.619333128676374,9.91640806609032e-06,0.0395515711888159,0.489424849699399
0.721586777648109,0.514198798807131,0.507027503059033,0.00291094075459406,0.00127811170112177,0.00251415330791153,0.6202767843297,1.02637682491623e-05,0.0394920405724617,0.48963126252505
0.719454775637809,0.506005814461189,0.500676920808885,0.00290248243912996,0.00127498097923528,0.00249431413570838,0.619516388724832,1.01917963725869e-05,0.0394332097207173,0.489837675350701
0.720158165097716,0.51144760947948,0.501748471822855,0.00290794029529549,0.00127693911426269,0.00249740223136737,0.619228701464754,1.01897990704081e-05,0.0393667673540722,0.490044088176353
0.718542734811651,0.504806274347357,0.502573792514023,0.00291510505259696,0.00127706269311254,0.00250396519557713,0.619433016464954,1.02500009799501e-05,0.039317814714141,0.490250501002004
0.72205060415864,0.509946372061372,0.500595761653318,0.00291227204695876,0.00126744691684129,0.00248619755974348,0.61944406973892,1.02207704547682e-05,0.0392500631091547,0.490456913827655
0.725352798977842,0.509389177880945,0.503273431025489,0.0029270361098023,0.00126534551212538,0.00249326318468002,0.618802681631188,1.02955693391479e-05,0.0391909352134381,0.490663326653307
0.721513145191168,0.50365096422772,0.500042735401686,0.00292780297407062,0.00127793983369438,0.00249627478540037,0.619249915328147,1.03284197771874e-05,0.0391408944564404,0.490869739478958
0.717244588289815,0.501209930154436,0.495056720034899,0.00287792109429303,0.0012518253577491,0.00247091035786626,0.618497239223719,1.00173531828715e-05,0.0390698990185447,0.491076152304609
0.721301438763468,0.501938319609959,0.501404874751874,0.00289811682293992,0.00126092310212484,0.00246588478385888,0.618554921766297,1.01098971802356e-05,0.0390160386268868,0.491282565130261
0.7180233413842,0.501119894670371,0.497877319907698,0.00288265916169317,0.00125553264954496,0.00245363120678471,0.617030114644525,9.96490175768281e-06,0.0389528251275616,0.491488977955912
0.721426991626682,0.500576888348853,0.497730128954374,0.00288233850742305,0.00125479564249022,0.00246305478241725,0.618641980538773,1.00053447187842e-05,0.0388995631487484,0.491695390781563
0.722697939352291,0.503596353955648,0.496184507171044,0.00289948887743336,0.00125845272647467,0.00244325928062362,0.617991549109394,1.00363278647929e-05,0.0388396839738148,0.491901803607214
0.722888642701635,0.507011306305711,0.504504385233488,0.0029460425960521,0.00127330965810552,0.00249839002860428,0.619795712022667,1.04504046241374e-05,0.0387828061080921,0.492108216432866
0.720593042072336,0.500887244635069,0.500297789462374,0.00288339595001037,0.00124868107184803,0.00245776959380576,0.617850438793342,1.00291392306088e-05,0.0387224188008161,0.492314629258517
0.72482997775634,0.501151563190449,0.501272647602105,0.00293697819079425,0.00126545256774431,0.00245507454253304,0.618148076269248,1.02898221691613e-05,0.0386700232961771,0.492521042084168
0.726623292399995,0.505849558986898,0.502464786497194,0.00293120686055469,0.00126082649268288,0.00245733685774013,0.618812019940241,1.02576990588791e-05,0.0386100206748156,0.49272745490982
0.721802940768503,0.495825815953886,0.48989018787532,0.0029037271625119,0.00124819752325534,0.00244953752788543,0.61763534097094,1.00994063589199e-05,0.0385546245908452,0.492933867735471
0.722735127733448,0.502476849971107,0.497464883644166,0.00294845828415895,0.00125949562794391,0.00247383138183447,0.618076616575071,1.03527784388234e-05,0.0384962015182589,0.493140280561122
0.72515807447567,0.504347736227042,0.497579567342656,0.00294799421581461,0.00126096897696877,0.00245306430385255,0.618225900983915,1.02868834620512e-05,0.0384406631548164,0.493346693386774
0.727677424043665,0.499109730673022,0.493494205168015,0.00293116126579189,0.00125357527535501,0.00245340794221191,0.617020986406528,1.02247909149108e-05,0.0383869989300635,0.493553106212425
0.724065576485777,0.500102490223567,0.49315399365949,0.00291287141173457,0.00125408504774102,0.00244081087423602,0.617141820403939,1.01024203966351e-05,0.0383291913702269,0.493759519038076
0.728426933967691,0.507749811949131,0.502830812423489,0.00296695282216972,0.00127177702581372,0.00246621950667352,0.618232511119451,1.04295326549311e-05,0.0382816201856577,0.493965931863728
0.726498663473428,0.50324346682312,0.501809212186857,0.00297988278444049,0.00126029234416333,0.00246747523395908,0.618088401504265,1.05777669987017e-05,0.0382212883004224,0.494172344689379
0.723775941345043,0.496279175222828,0.498022659974258,0.00293613716994002,0.00125572569826062,0.00243916145440501,0.617412182670148,1.02252682411172e-05,0.0381707704614962,0.49437875751503
0.72078642230736,0.496357151968763,0.498239420783148,0.00293234884855059,0.00125670183247892,0.0024574937272811,0.617830034468062,1.02185645691819e-05,0.0381132687566895,0.494585170340681
0.721042608986387,0.497695857248859,0.496512729187093,0.00294344354591204,0.00125010519847328,0.00244082165121412,0.617368947488748,1.02706491370895e-05,0.0380577773461427,0.494791583166333
0.726527641378835,0.49935325500831,0.494442136906187,0.00295819275054913,0.0012494385171034,0.00244101086013074,0.616933920912167,1.03314626386669e-05,0.0380097618803746,0.494997995991984
0.72848112563484,0.492026886659668,0.496433298877228,0.00296530121278487,0.00125063046235367,0.00243937661796616,0.616700130202236,1.04115251737441e-05,0.0379552582867415,0.495204408817635
0.729266401472499,0.496833046617266,0.493105722741294,0.00299168018941034,0.00125278423740912,0.00244110442184165,0.617354189782949,1.05478819767711e-05,0.0379072352244606,0.495410821643287
0.732900510638119,0.500416476858986,0.500142063559948,0.00299504142497789,0.0012582812191262,0.00244299254308688,0.61730906842484,1.05691080174539e-05,0.0378468682336543,0.495617234468938
0.727952656028221,0.500757067616711,0.497936319357133,0.00298173704617446,0.001252314158453,0.00244603350664349,0.6175788857138,1.04934960851144e-05,0.037794310901772,0.495823647294589
0.729400599214967,0.502488907285078,0.495327832289728,0.00299153245361914,0.00125389055698879,0.00243567253473776,0.616765926891732,1.05054826014014e-05,0.0377418514479199,0.496030060120241
0.724244367557304,0.497614061075226,0.494190585118258,0.00296857296620341,0.00124978633810386,0.00243294158932736,0.617162310621605,1.03801065218643e-05,0.0376958778217919,0.496236472945892
0.723047550971992,0.488830108758604,0.488126922168763,0.0029584355010137,0.00124611256855551,0.00242948418863253,0.616265205244026,1.03455720963722e-05,0.0376389633986632,0.496442885771543
0.726156094399119,0.493997695746526,0.499909050770276,0.00298639792640667,0.00124810061462949,0.00243417455875075,0.617267384067305,1.04707363201111e-05,0.0375860992234255,0.496649298597194
0.724084857753999,0.49091743588438,0.489722235932228,0.00297419077281012,0.00124674102924044,0.0024240871723955,0.61596346740621,1.04135084309995e-05,0.0375420354987476,0.496855711422846
0.730031151023347,0.49629614333798,0.496395358614082,0.00301697455079198,0.00124889781561451,0.00243225807165752,0.616827192781,1.06619032313903e-05,0.0374866800039435,0.497062124248497
0.729860476115041,0.493866264574733,0.49656199649411,0.00300328286653312,0.00125242852108857,0.00242618898639367,0.616566972451609,1.05567410226949e-05,0.0374357535431155,0.497268537074148
0.726796393144472,0.486476054232871,0.49197285235601,0.00299278993834692,0.0012420468023675,0.00241589826150444,0.616071633472737,1.04912048131512e-05,0.037392145194634,0.4974749498998
0.733079705881887,0.495889439253639,0.494881219839794,0.00304553772023627,0.00125404996744612,0.00243583227179752,0.616903621071772,1.08311426913519e-05,0.0373381045350595,0.497681362725451
0.728005525478826,0.493824344301731,0.493424696396562,0.0030080674877733,0.00124214020682739,0.00243168843350663,0.616416911738677,1.06000329927378e-05,0.0372897640353903,0.497887775551102
0.729939519321551,0.491016758029412,0.48870614233808,0.00298470504481752,0.00122925952046599,0.00239872965318724,0.615242683542663,1.03767435639289e-05,0.0372418148904753,0.498094188376754
0.72937126665033,0.494658351896894,0.495106924874846,0.00301232248942514,0.00124144323005617,0.0024063421731847,0.61599799520425,1.05840578840904e-05,0.0371899996469931,0.498300601202405
0.729391777904798,0.490175959395513,0.49391971327934,0.00300380307428676,0.00123781394663522,0.00241702612916245,0.615739045649756,1.05509600490823e-05,0.0371405973013019,0.498507014028056
0.730007244084793,0.486978248335886,0.488922366544268,0.00300918649071036,0.00123359577970792,0.0023957680270986,0.615417168951951,1.05274046293705e-05,0.0370941345641263,0.498713426853707
0.728897531594254,0.48741690304551,0.485702391563572,0.00300605446227473,0.00123878117121009,0.00240511376772707,0.61627088400659,1.05599638604816e-05,0.0370538133114035,0.498919839679359
0.729964720303999,0.484857415782201,0.484498845658723,0.00301152390159224,0.00123582539196958,0.0023979675449046,0.61542651650458,1.05822470717217e-05,0.0370058386613423,0.49912625250501
0.730034977254839,0.481048860850236,0.482037560984367,0.00300711041488901,0.00123124585420775,0.00237746712032563,0.614018380778391,1.04651180729942e-05,0.0369575917423652,0.499332665330661
0.731736751182988,0.491922293533569,0.493358605179489,0.00305180047805628,0.00123953134463283,0.00242632543320399,0.615696623280991,1.08295135998643e-05,0.0369107326447374,0.499539078156313
0.729870575366312,0.487081885022411,0.48960555673551,0.00300635795703591,0.00122733885122016,0.00239254132712636,0.615067694334814,1.04934305912508e-05,0.0368634306164348,0.499745490981964
0.734052836211718,0.491644054386912,0.493614773281872,0.00305867422417193,0.00124348235268542,0.00240567693337345,0.615808305363223,1.08376933327579e-05,0.036819238686951,0.499951903807615
0.731887901030251,0.479866083609064,0.484792768969334,0.00299895184225845,0.00122655561533886,0.00236481418806915,0.613800858346542,1.04315551086032e-05,0.0367784828159905,0.500158316633267
0.731436807829551,0.479618705756285,0.488667048756802,0.00301501312015672,0.00122573439008594,0.0023793577463643,0.613662997884516,1.05266150578554e-05,0.0367303015223816,0.500364729458918
0.731838624066272,0.482697409141643,0.482038319008247,0.00301837257256213,0.00122920627034395,0.00237267244388128,0.614001443452989,1.05268667186962e-05,0.0366836697358765,0.500571142284569
0.73063993956054,0.484302601535749,0.490627159294009,0.00303992070614972,0.00123623478803482,0.00239526924753959,0.61451901374351,1.07029910233787e-05,0.0366439524150597,0.50077755511022
0.732128301531677,0.485193876156023,0.487292958033182,0.00304210064652959,0.0012306586273153,0.00237926542736794,0.614426929149475,1.06899780913064e-05,0.0365977862263425,0.500983967935872
0.736376247285174,0.481386764504589,0.480131683265483,0.0030408171866004,0.00123581087827707,0.00236956511473215,0.614223323705208,1.06451879517082e-05,0.0365580760264379,0.501190380761523
0.732308976448934,0.486475920668768,0.49043496877933,0.00306554288585491,0.00123939961901152,0.00238447543051296,0.615494762097008,1.08082606374029e-05,0.0365162170514558,0.501396793587174
0.737014813734486,0.480795230175653,0.481518916765832,0.00305575247025971,0.00122770253935464,0.00237437370939902,0.613779363908985,1.07451425796173e-05,0.0364674095248793,0.501603206412826
0.735350894753275,0.480210326317706,0.483131960078883,0.0030566145318304,0.00121942693085626,0.00235407140475643,0.613387456954955,1.07363216889639e-05,0.0364326139127218,0.501809619238477
0.735476639596207,0.483341494629841,0.487811059500567,0.00308218387700149,0.0012305176336022,0.00238163303938092,0.613990309716992,1.09072241632066e-05,0.0363884234508994,0.502016032064128
0.734412483030247,0.474643390225149,0.479217578607271,0.00305105261087956,0.00122405263146296,0.00236863015923379,0.613494683165499,1.07227838476111e-05,0.0363463668528171,0.50222244488978
0.733971099326221,0.481170232043338,0.490614234303262,0.00309524603927269,0.00123879587005823,0.00240129105406836,0.613703751749186,1.10200754657624e-05,0.0363028500992416,0.502428857715431
0.736458162599162,0.479063841492399,0.479296646674394,0.0030704658757879,0.00122727259331461,0.00237139748530106,0.613181365439711,1.08145514613034e-05,0.0362651176874754,0.502635270541082
0.734802009413003,0.479985702796785,0.482306423153408,0.00310690225584664,0.00123752161491572,0.00239620363855215,0.614106271002884,1.10746290111402e-05,0.0362244417390175,0.502841683366734
0.737254132254225,0.476031775666753,0.475282277383633,0.00306501273875894,0.00122081597360995,0.00236224124987967,0.612666198067524,1.07745352411228e-05,0.0361885787406687,0.503048096192385
0.740575948668941,0.484193720440487,0.485750104897885,0.00311838696513263,0.00123313621899448,0.00237262585097266,0.614428564571524,1.11043901646574e-05,0.0361505754175933,0.503254509018036
0.737116912049049,0.473820808660257,0.480141268134751,0.0030984285054618,0.0012174585010437,0.0023566843510421,0.612910011839041,1.09685326680171e-05,0.036103866385186,0.503460921843687
0.738148937531376,0.474119596396407,0.478335907921447,0.00307633288427921,0.00121032036966866,0.00232964666810572,0.61216974588604,1.076693155505e-05,0.036061544542312,0.503667334669339
0.738081065802943,0.481162822009704,0.479361370805643,0.00310838615711208,0.00122826839901153,0.00236769306772686,0.612957601187413,1.10120775589427e-05,0.0360307776177243,0.50387374749499
0.738395359931996,0.470039715036943,0.480356912489682,0.00307979842025807,0.00121393982943267,0.00235335761931626,0.611977059462163,1.08397473653232e-05,0.0359931993887536,0.504080160320641
0.742486159873554,0.481371550460109,0.484074423166348,0.00315047036880823,0.00122916107129244,0.00236077868238083,0.613364489632433,1.12533938679578e-05,0.0359596378650821,0.504286573146293
0.735955770843594,0.466888235379907,0.477118436633486,0.00309130717890789,0.00120919994746018,0.00232893586687112,0.612731649668108,1.09023259216059e-05,0.0359191951768487,0.504492985971944
0.737319649184575,0.46986185800887,0.476534903181959,0.00309280401043532,0.00121442940713037,0.00234479952258472,0.611235024885835,1.08723600958241e-05,0.0358836433451766,0.504699398797595
0.740592100488869,0.47072823890842,0.475911711407805,0.00313767351224213,0.00122490804408574,0.00236119344012848,0.612566952420931,1.11802775501721e-05,0.0358475026755142,0.504905811623247
0.740099511484042,0.472026322915089,0.476257404026478,0.00312220189646159,0.00121753309659072,0.00234637892382907,0.61219430681087,1.10851665932376e-05,0.0358107384129802,0.505112224448898
0.739312246100304,0.46255931486877,0.477009916056109,0.00310744969528654,0.00120297765991638,0.0023289437705481,0.610974390172207,1.09459786361808e-05,0.0357756164906112,0.505318637274549
0.741893236229933,0.477757898848852,0.483057079704446,0.00315333754298924,0.00121525773771331,0.00233805974655096,0.611987212346732,1.12357160671797e-05,0.0357408907647331,0.5055250501002
0.745687180742302,0.469602900132625,0.476943068567343,0.00316061327175612,0.00121388934193408,0.00232751904176768,0.610909040604214,1.12534116378137e-05,0.035706071508879,0.505731462925852
0.742119459508282,0.474385357225607,0.480075454338377,0.00316614510934707,0.00122613619862337,0.00234896825277298,0.611632975724026,1.13376078058312e-05,0.0356844334569129,0.505937875751503
0.744146645094184,0.466171676569426,0.475706657596528,0.00314296657706821,0.00120452989695816,0.00233188810878665,0.611247501104687,1.11655076320915e-05,0.0356507155910297,0.506144288577154
0.743565964281562,0.470894800870302,0.479280211842663,0.00314750819206859,0.00120731255154419,0.00232800989929401,0.611123314661921,1.11690947326386e-05,0.0356131927215546,0.506350701402806
0.741418698691263,0.465250537706951,0.472302969209166,0.00312942882277259,0.00120838726268857,0.00231819797383192,0.610346232790887,1.10437444500477e-05,0.0355791969599561,0.506557114228457
0.744870433225967,0.46691739934123,0.476160399692409,0.00317708038842565,0.00121135579419891,0.00232757589008384,0.610893273901019,1.13609963036412e-05,0.0355454482246174,0.506763527054108
0.743900584373357,0.468834071691706,0.476682328806389,0.00316702909615181,0.0012073039181731,0.00232349232041198,0.610755470527306,1.13183464245968e-05,0.0355122455809428,0.50696993987976
0.744531261875776,0.470117800717406,0.481361607212887,0.00317633694651062,0.00121157364551214,0.00231711269793295,0.610940662179311,1.133610773547e-05,0.0354887816534107,0.507176352705411
0.740937236712141,0.457889245068576,0.470702204388187,0.00313049613533803,0.00120196291007209,0.00230431000638038,0.609564007584305,1.10212442316813e-05,0.0354532160951909,0.507382765531062
0.743508872545232,0.459111556689391,0.47636958042815,0.00314101595942133,0.00119700227587314,0.00230167645966683,0.609955181339893,1.10944234383672e-05,0.0354251653127526,0.507589178356713
0.745737670649568,0.465471955221571,0.470316579732004,0.00317375132733945,0.00120486430429516,0.00230470334064782,0.609894339630884,1.12888322099108e-05,0.0353907528540391,0.507795591182365
0.739759215640753,0.457941607651203,0.472164107181616,0.00315400918982422,0.00120131716698488,0.00230399823612118,0.6097987188313,1.11688753457193e-05,0.0353665015457023,0.508002004008016
0.742421637991381,0.463936880800852,0.472299113032577,0.00316639543905474,0.00119604396997235,0.00230735206836575,0.609776235910652,1.12498472567782e-05,0.0353396195567148,0.508208416833667
0.7440796191496,0.4634070012612,0.473428599125011,0.00318623120579806,0.00120621883964013,0.00232102579768625,0.61128036820819,1.14307078682217e-05,0.0353157099861798,0.508414829659319
0.740325763525217,0.461081539322196,0.478003743847074,0.00317602764965663,0.00120779946733314,0.00230944516563617,0.609666660852604,1.13362700499518e-05,0.0352864544476449,0.50862124248497
0.743048015428881,0.466457053430804,0.474423296804662,0.00319798948157355,0.00120691396336252,0.00231284356365276,0.610197891862565,1.14607799761276e-05,0.0352635100721914,0.508827655310621
0.749907703166485,0.463982133084801,0.479325605020711,0.0032214458896236,0.00120521656471498,0.00229926792695703,0.610128606466599,1.16035153942099e-05,0.0352310597429993,0.509034068136273
0.745875421153616,0.454157635865281,0.470491248088429,0.0031910996630448,0.00119072635572284,0.0022949189207713,0.608856414515989,1.13780544900641e-05,0.0352096002128525,0.509240480961924
0.74491167030724,0.452276687100059,0.472353685670902,0.00317711581001166,0.00119640452495169,0.00228072475554446,0.60895804064881,1.12744618556129e-05,0.0351811589158072,0.509446893787575
0.749129591555944,0.462838005466878,0.467205192262521,0.00324003434889905,0.00120302028338095,0.00230136974204526,0.608618601871465,1.16622540637837e-05,0.0351629568549167,0.509653306613226
0.746352354082935,0.458976242850713,0.474578567140231,0.00321904901046211,0.00120299893336334,0.00231145438676922,0.609242957153746,1.159047184865e-05,0.0351341842442433,0.509859719438878
0.750205150022864,0.45079500643253,0.465342867497082,0.00320640263837264,0.00119546438572426,0.0022711272474917,0.60808981151455,1.14257840477773e-05,0.0351100153139455,0.510066132264529
0.745634763697293,0.461737444728687,0.474320269403272,0.00321868061046562,0.00120722583122956,0.00230823119699953,0.61001000651093,1.15829061745347e-05,0.0350925793628143,0.51027254509018
0.745299381045215,0.452620310289215,0.468008799260865,0.00320146151437112,0.0011947701660703,0.00228549350332441,0.608734884126136,1.14262555001328e-05,0.0350629840599978,0.510478957915832
0.752815786977439,0.455192170172831,0.472357062829577,0.00324512669441137,0.00119662863274303,0.00228627228984171,0.6078527089521,1.17000826327586e-05,0.0350473811702122,0.510685370741483
0.753437431806918,0.460333058737784,0.467259221667412,0.00325630798212813,0.00119852683902733,0.00229396420564014,0.608424289926385,1.17499464883332e-05,0.0350293644108062,0.510891783567134
0.752713181861256,0.457269607862282,0.466181885888627,0.00324685462089826,0.00119076110835264,0.00228037857903461,0.608466082400429,1.1670137001521e-05,0.035006643957817,0.511098196392786
0.750247471321396,0.449607706871213,0.46865910357822,0.00325805340124767,0.00119325900405309,0.00228754952232625,0.607658640361121,1.17704571221789e-05,0.0349872574916869,0.511304609218437
0.753344870235678,0.461073250587012,0.469214794251118,0.00326869489806943,0.00119232051334065,0.00227900911910402,0.607861912151144,1.18116933709395e-05,0.0349769586267472,0.511511022044088
0.749373325100968,0.45109343618089,0.468968288181487,0.00325305086695161,0.00119683012046855,0.00227465095138656,0.607353753043624,1.16965139188558e-05,0.0349487250180376,0.51171743486974
0.751138349174136,0.45490213221347,0.469436744592404,0.00325777838625752,0.00119517581457108,0.00228397903819002,0.607878571596545,1.17262615966056e-05,0.0349339826575791,0.511923847695391
0.750340526449698,0.457704851549002,0.47008651168503,0.00328412451988405,0.00119520301360559,0.00228605315841704,0.607929115062496,1.1936920280295e-05,0.0349120113662844,0.512130260521042
0.755231651602289,0.457603705302125,0.469599319301391,0.00327794260162435,0.00119967615187088,0.00227548588418583,0.606989119444659,1.18263859260573e-05,0.0349016149705939,0.512336673346693
0.755860703017719,0.450962243061479,0.467433635254452,0.00328347231868195,0.00119313763926539,0.00226832709821836,0.605946893846244,1.18774061605781e-05,0.0348776955995373,0.512543086172345
0.748935305443814,0.448087215363794,0.454852830669922,0.0032301634509671,0.00117505195558844,0.00223832019971469,0.605691045970009,1.15078458766018e-05,0.0348716045468842,0.512749498997996
0.755151645514225,0.456345432723517,0.473404602340355,0.00329928295210438,0.00119892838584282,0.00229711900158614,0.607734936369073,1.20589504600988e-05,0.0348575438565582,0.512955911823647
0.751503610018881,0.453152923167018,0.466621096625282,0.00325842237598162,0.0011811227967088,0.00225363465223608,0.606799444285898,1.17293048900781e-05,0.0348420334439441,0.513162324649299
0.755386465556578,0.452079959750933,0.468848021912735,0.00330188810509797,0.00119153093199496,0.00225548810278839,0.60673723571419,1.19974314978906e-05,0.034826609636075,0.51336873747495
0.752138237387145,0.444377193455584,0.462010901619969,0.00327590779475675,0.00118347471357393,0.00224329160963977,0.606149726502202,1.18076310821479e-05,0.0348151041994974,0.513575150300601
0.754252068926785,0.448130810261223,0.462282857273196,0.00328832689953843,0.00118624722482722,0.00226497011169288,0.605850540525692,1.18601484083419e-05,0.0348075067490768,0.513781563126253
0.749696711730678,0.445445230032563,0.468145949960459,0.00326308437102183,0.00118554530168404,0.00226274493242189,0.605414570932405,1.17346933056179e-05,0.0347943137874256,0.513987975951904
0.759488892983254,0.445096714305166,0.469291765886645,0.00334085227203717,0.00118934982927591,0.0022666373111456,0.606257646770612,1.22523348138435e-05,0.0347835995310492,0.514194388777555
0.760970185713285,0.442260403515896,0.459612441194678,0.00331619327430034,0.00117622919999906,0.00222393792457027,0.603663637688943,1.20343943059378e-05,0.0347765195324485,0.514400801603206
0.753756348330467,0.441553400222785,0.455829251213259,0.00330526608029315,0.00117552269682938,0.00222791566516392,0.605389302448684,1.19673540533493e-05,0.0347626022679719,0.514607214428858
0.760323030268573,0.449502187374247,0.468209196919255,0.00334728503411131,0.00118231278647386,0.00224912505173058,0.604998408144639,1.2228318131202e-05,0.0347502185735466,0.514813627254509
0.760510936089461,0.452462248378841,0.465400253743042,0.00337084208386149,0.00118648403632658,0.00225551868979777,0.605452320505507,1.24041637138157e-05,0.0347462004139809,0.51502004008016
0.757244629950823,0.443510799504083,0.458990515431222,0.00335056988711818,0.00118836714255506,0.00225028466908995,0.605124255847583,1.22759367193341e-05,0.0347367680154539,0.515226452905812
0.757189949605998,0.44587244452065,0.467276784240468,0.00335431620729445,0.00118710123630515,0.00226221046224832,0.606139695135007,1.23201414300438e-05,0.0347357826197706,0.515432865731463
0.76144623899319,0.447767178233286,0.465284837163403,0.00337737416830486,0.00118897880705375,0.00226728889301844,0.605095227181804,1.24586804980909e-05,0.0347284961974926,0.515639278557114
0.760242586780936,0.438451967575643,0.460127015272702,0.00333848544325258,0.00117195328315586,0.00222829806477885,0.603161581240806,1.21469652659175e-05,0.0347237707146833,0.515845691382766
0.759157842861691,0.451471170554515,0.468908977285756,0.00338434323337681,0.00118387043748962,0.00223958850786478,0.605311394820007,1.25011554577308e-05,0.034728071997988,0.516052104208417
0.758372576425107,0.438531019011103,0.456076905020263,0.00334111122493713,0.00116949809449525,0.00222000790801766,0.60314919229011,1.21835847655404e-05,0.0347158878047682,0.516258517034068
0.762140461134621,0.435806594559906,0.462177045582628,0.003377184077756,0.00116958099288794,0.00222418794096852,0.60322900327688,1.24165408297359e-05,0.0347121026433424,0.516464929859719
0.763586810153169,0.443440507378323,0.456891962123795,0.00336899063137117,0.00116791810278874,0.00221533725599367,0.60279979074738,1.23126991669179e-05,0.0347109595696823,0.516671342685371
0.760120782717111,0.42825347189052,0.456422476820436,0.00336174950004611,0.00117361285539027,0.00222335894350602,0.601964729382765,1.22924567807731e-05,0.0347088597667108,0.516877755511022
0.759275624377195,0.438535075252408,0.456990391289208,0.00336809664100989,0.00117027250542841,0.00222268819531762,0.604204847422397,1.23476056007558e-05,0.0347195551621941,0.517084168336673
0.762011989661146,0.438369850074082,0.461919286799985,0.00339451035238826,0.0011800137855361,0.0022331950691127,0.603006689435805,1.25297463480814e-05,0.0347136301552577,0.517290581162325
0.760564434605924,0.433095208061066,0.459329056850292,0.00340803257007596,0.00117634605253049,0.00223012283576383,0.603708697586326,1.26289480397702e-05,0.0347152644723858,0.517496993987976
0.761125772177621,0.431993499494113,0.458146645364026,0.00338703231111546,0.00116480442958727,0.00220768899365112,0.60266257332834,1.24615857237248e-05,0.0347225988856394,0.517703406813627
0.766011889898856,0.440994477146144,0.462262805177333,0.00342341177010538,0.00116986158844449,0.00221577702609514,0.602728554350775,1.26761795321991e-05,0.0347203305624954,0.517909819639279
0.762808238381267,0.429625000092028,0.452363177650527,0.003402302892141,0.00117218010583138,0.00219047304669867,0.60091158033543,1.24942862130596e-05,0.034727846019719,0.51811623246493
0.7632872172836,0.434485472313907,0.460317515093786,0.00341691833042579,0.00116887229089282,0.00221619394361761,0.602359450843663,1.26419717574259e-05,0.0347291416501986,0.518322645290581
0.76431229045607,0.429847885401486,0.455229600988895,0.00341220537835124,0.0011695297109204,0.00220750660081809,0.60076910484054,1.25865035771727e-05,0.0347385051319152,0.518529058116233
0.768647708433845,0.434385791018945,0.457426414552774,0.00344124340200677,0.00117065034438855,0.00219457375925335,0.6015438908028,1.2754488797493e-05,0.0347467158857572,0.518735470941884
0.763844238499531,0.430327245787425,0.454550591822944,0.00343125069575959,0.00117440183046445,0.00221410531219674,0.601933485494204,1.27394872414645e-05,0.0347493488739191,0.518941883767535
0.762193848506776,0.428040433844432,0.453292595735736,0.00340228104684656,0.00116055748517565,0.00219483260947239,0.599672516266799,1.24898550768026e-05,0.0347597679175475,0.519148296593186
0.766453198173198,0.430154020759707,0.450615436911475,0.00344136460833255,0.00116564153793065,0.00221849859499535,0.601427487771146,1.28070363562053e-05,0.0347690631188128,0.519354709418838
0.769124953790084,0.422425156122685,0.451438705846672,0.00343200263501186,0.00115936852589955,0.0021873634113039,0.59925324759006,1.26719496068297e-05,0.0347832838474411,0.519561122244489
0.766832806883659,0.420440792259457,0.450326249480194,0.00345763353038928,0.00116167295259902,0.00219700438798511,0.600336434911333,1.28705380593e-05,0.0347924046233318,0.51976753507014
0.766969127228788,0.434639132937459,0.455335477657062,0.00347970390817569,0.00117428665695694,0.00221756129492727,0.601312077998149,1.30300713566514e-05,0.0348085952035946,0.519973947895792
0.769099706794988,0.422807310722187,0.452173042382373,0.00347283743495817,0.00116557394078287,0.00218873441935854,0.599265071112107,1.29656716845019e-05,0.0348190980976331,0.520180360721443
0.772876747144135,0.42507867880205,0.450611425194573,0.00352130967316969,0.00116845722367656,0.00219207932773277,0.599295800709097,1.33062166695953e-05,0.0348460898615629,0.520386773547094
0.769142997889523,0.423071013505086,0.454601944991025,0.00348304629982424,0.0011633927562506,0.00219412736755217,0.599222110281826,1.30408468255745e-05,0.0348533833436372,0.520593186372746
0.773473267959966,0.425770421199052,0.446274365918964,0.00351791667273487,0.00115588849508639,0.00217068911228472,0.598301387996918,1.32505815750145e-05,0.0348674559348947,0.520799599198397
0.774708969817044,0.43116307047801,0.45331074385864,0.003515366675112,0.00115855460498781,0.00217154368098062,0.598609528539435,1.3226196741011e-05,0.0348834784219184,0.521006012024048
0.773556165411694,0.421567222197224,0.450802468503662,0.00354635118443929,0.00116846390372617,0.00218916720544535,0.598751497115782,1.3455398356922e-05,0.0349053697833822,0.521212424849699
0.77430390385989,0.423643962457521,0.449858605025674,0.00350393341068014,0.00115696994298097,0.0021804957938409,0.598834918758673,1.31414859916635e-05,0.0349242935160705,0.521418837675351
0.770574339485757,0.422803673062296,0.450371992876443,0.00349766522929721,0.00115218837240766,0.00219260591382183,0.59907879787572,1.31095578462182e-05,0.0349419662470341,0.521625250501002
0.773446069048833,0.421175232587786,0.450494433493028,0.00352591877703009,0.00115356424148366,0.00217645847216246,0.597949249801884,1.33073008656558e-05,0.0349645449205482,0.521831663326653
0.776074931471071,0.424014877559129,0.454971928032869,0.00355061943028448,0.00115578139830574,0.00218753752363193,0.597782938068144,1.34720695359383e-05,0.0349851728771285,0.522038076152305
0.776896461487506,0.422184565776466,0.447454876432414,0.00355919544852608,0.00115597397687171,0.00217046440843998,0.597118557974724,1.35263174524318e-05,0.0350114492841054,0.522244488977956
0.775734846477404,0.421411399320255,0.450827399039734,0.00357187839558703,0.00116411873363633,0.00217105242662729,0.59773992019188,1.36085328036612e-05,0.0350378400292407,0.522450901803607
0.774479326166129,0.415918642408929,0.446925203102531,0.0035397216537973,0.00114930890759986,0.00216094889607313,0.597377848753947,1.339144129859e-05,0.0350578094495095,0.522657314629259
0.777411145594425,0.409478559872671,0.438554659847565,0.00358443055584041,0.00115091493131117,0.00215659308026511,0.596277054098665,1.36666105321884e-05,0.0350950786801678,0.52286372745491
0.772862382455288,0.418565579562861,0.44942021518447,0.00357754944063251,0.00116026297804895,0.00218039343948511,0.597661100543829,1.36637563413165e-05,0.0351219167439906,0.523070140280561
0.779021107256275,0.415997432853286,0.447621789845678,0.00359159639960973,0.00115197475143773,0.00217060773422969,0.59628723128262,1.37428438116169e-05,0.0351503337419781,0.523276553106212
0.777976096176723,0.412168435883562,0.439853717343447,0.00358250874381581,0.0011504459034079,0.00214445349196982,0.595179618460267,1.36114432909814e-05,0.035180044167519,0.523482965931864
0.778060819361553,0.417278511410776,0.442523355985538,0.00360613954852779,0.00114690513263805,0.00216744787232676,0.595986685914995,1.38408764869073e-05,0.0352117137454842,0.523689378757515
0.782184617989157,0.414037459870583,0.445315605739689,0.00362292610812176,0.00115894034039049,0.00217644018301015,0.597071625540597,1.39589518213169e-05,0.0352459322081478,0.523895791583166
0.779214853183248,0.407827131312891,0.434047905653923,0.0036051753576915,0.00115277469220331,0.00215166826679334,0.595132434291612,1.38002521188638e-05,0.0352842469603227,0.524102204408818
0.784528092442594,0.413178160624131,0.441374629734544,0.0036292647223756,0.00114556433317087,0.00214407266375494,0.594562939223116,1.39399944835133e-05,0.0353154828575727,0.524308617234469
0.781914470931565,0.414536342222531,0.44969479228264,0.00363566435038652,0.00114931398556255,0.00215405471519579,0.595167038700826,1.39889873074317e-05,0.0353610040119131,0.52451503006012
0.784838361176944,0.409340834623472,0.438454478700733,0.00366311548641337,0.00115032195942319,0.00215067340798511,0.595277850268256,1.42058242505555e-05,0.0353945105899073,0.524721442885772
0.779871911266018,0.407243815583441,0.437937789565538,0.0036039979587306,0.00114654308140883,0.00213932776183757,0.593183797018181,1.37492156412666e-05,0.0354398808399958,0.524927855711423
0.780417732391374,0.411155332877686,0.445844091275783,0.0036300860875206,0.00114325003120383,0.00214772082695933,0.595138555764519,1.39660751343934e-05,0.0354728940670085,0.525134268537074
0.781681415426058,0.401976700637529,0.439212879888539,0.00364147324774419,0.00114297147011488,0.00212577253479424,0.592197645095418,1.40139632078304e-05,0.0355157538421475,0.525340681362725
0.781880830928464,0.401669295355595,0.44178519226493,0.00365271088592187,0.00114570119916625,0.00213777213939742,0.593602190985983,1.41234564426842e-05,0.0355616034348467,0.525547094188377
0.781909013182323,0.400688856394273,0.439136681021643,0.00365406326506101,0.00113377719649404,0.00213944326221981,0.593289754459241,1.41431304103346e-05,0.0356072746918048,0.525753507014028
0.785895878336943,0.405261157248865,0.435126101356144,0.00367550501296995,0.00114270394272174,0.00212436013003536,0.593230520247433,1.42474551498071e-05,0.035646060402841,0.525959919839679
0.782738633769045,0.398778437373855,0.434192437083369,0.00367530668768454,0.00114175239800254,0.00213731367742083,0.592439773773907,1.42604319992258e-05,0.035702391119773,0.526166332665331
0.786713096091765,0.40844983081079,0.445097162827301,0.00371197553570854,0.00114633168045007,0.00214799066037397,0.593887232813343,1.45685243248808e-05,0.0357494134717043,0.526372745490982
0.786964408966968,0.397988994292967,0.431300702364872,0.00370194741318856,0.00113651873425866,0.00213141575623581,0.591650114809302,1.44568988136913e-05,0.0357952286679316,0.526579158316633
0.785832836680121,0.402506696016738,0.432853644423179,0.00369716539586278,0.00114337693725691,0.00210674783868631,0.590151975671642,1.43587491509773e-05,0.0358576772275588,0.526785571142285
0.789019097417426,0.402268574950046,0.43342315908883,0.00372920532739666,0.00113881104269098,0.00212236192438823,0.591441864869207,1.46015663774369e-05,0.0358992959385113,0.526991983967936
0.790191361405043,0.396807942436287,0.431746932024891,0.00372585157261373,0.00113224597417779,0.00210765021348769,0.590898088294491,1.4601402320526e-05,0.0359578835343426,0.527198396793587
0.793037402457774,0.402839416511234,0.437561676138473,0.00379974443252856,0.00114364001562486,0.00212818951693459,0.59258677272193,1.51854174510188e-05,0.0360100346822937,0.527404809619239
0.794547163113006,0.404613741305681,0.434615310638768,0.0038104366110676,0.00113717113092501,0.00211983050975395,0.591168920071358,1.52414276631805e-05,0.0360683158174639,0.52761122244489
0.79284436863214,0.393023802080733,0.433138427314746,0.00375393253946311,0.00113684305661446,0.00211790337763543,0.588875426377078,1.47725997979551e-05,0.0361400658804425,0.527817635270541
0.794801662385889,0.401945079302793,0.433323443391533,0.00379862022014415,0.00113343606925967,0.0021130963086506,0.589738409096498,1.51227593402183e-05,0.0361921459855749,0.528024048096192
0.800710966787461,0.404377850820933,0.438971940125134,0.00386656688229325,0.00114573625057018,0.00211402323022332,0.590753933131894,1.56404171402517e-05,0.0362481233682514,0.528230460921844
0.797958233013677,0.39671221140261,0.434979941335726,0.0038399584593805,0.00114421952999454,0.00211876204168034,0.58936271689314,1.54294163985314e-05,0.0363195559354275,0.528436873747495
0.793304080339439,0.399321577794442,0.432441579415507,0.00377307672811388,0.00113012466965054,0.00210112285447902,0.589098441470255,1.49173515461253e-05,0.0363956715235942,0.528643286573146
0.796861693338335,0.392384335320514,0.430446187691107,0.0038375255094702,0.001132720537898,0.00209805138914519,0.589410420240458,1.54014353003395e-05,0.0364612410215391,0.528849699398798
0.794124984073752,0.390766888473669,0.425429039566388,0.00380337831262537,0.00113219882488668,0.00209331893205071,0.587802486381612,1.51220499493539e-05,0.0365293552503914,0.529056112224449
0.797242521914838,0.383205448947142,0.423957096501767,0.00383656233916478,0.00112969998604642,0.00208110029293856,0.586552292762848,1.53417189509619e-05,0.0365974925759309,0.5292625250501
0.798595397255479,0.389206973240806,0.429191273086749,0.00383672478178513,0.00112971051429557,0.0020833599374994,0.586815248929633,1.53425936318905e-05,0.036678916051242,0.529468937875752
0.796185282514764,0.389392049633195,0.422823244311162,0.0038062385873636,0.00112498751092795,0.00208075738862973,0.585912697265545,1.51193843910482e-05,0.0367559293572525,0.529675350701403
0.799063865057773,0.390221095394418,0.427623797344708,0.00384773597003267,0.00112535877230097,0.00207626105839078,0.586973915732778,1.54376872345971e-05,0.0368202101829932,0.529881763527054
0.795836047350042,0.384506868857518,0.419199986990326,0.00382779761636078,0.00112635907878881,0.00207487929057013,0.586167915255879,1.52664960033559e-05,0.0369105403807862,0.530088176352705
0.796263680203464,0.381303364986106,0.421240773624968,0.00384452472780591,0.00112014679778198,0.00207191563189717,0.584879365456597,1.54001599061657e-05,0.036986389569616,0.530294589178357
0.797320033120288,0.385094689801438,0.426900378444416,0.00387792246094668,0.00112984730343605,0.00208023628426123,0.58567307539477,1.56413120702542e-05,0.0370671853856513,0.530501002004008
0.797811692378077,0.385812052134812,0.436323890045408,0.00384589348784734,0.00112322705586621,0.00207509826919874,0.585204724321358,1.53995751813326e-05,0.0371561329207395,0.530707414829659
0.797660534122843,0.384428516860661,0.42212637547856,0.00390455968519568,0.00112795571315339,0.00207433680735036,0.585576803689165,1.58802889944122e-05,0.0372420510002356,0.530913827655311
0.795549029650536,0.380720477307018,0.423373165483308,0.0038760114826464,0.00112014973360865,0.00206803242099845,0.584410910495551,1.56324787634978e-05,0.0373446092804573,0.531120240480962
0.801808840239311,0.386800552226561,0.420974164327344,0.00391447591450131,0.00112483446220748,0.00207010222762479,0.584283921193065,1.58979997338106e-05,0.037419958653791,0.531326653306613
0.802110934254475,0.381788845622605,0.425701680944352,0.0039329454455174,0.00112082879126968,0.00206350139194722,0.58400129106617,1.60764981250604e-05,0.0375212250327766,0.531533066132265
0.805235777793205,0.377881962029301,0.421905613149923,0.00395224415992716,0.00111739360502782,0.00204824990291347,0.581568254915784,1.61881129800513e-05,0.0376071443843978,0.531739478957916
0.804283401273509,0.383664525363036,0.420864326050142,0.00395540695067071,0.00112062195786751,0.0020596771672819,0.58407873873511,1.62282645694341e-05,0.0377206497520357,0.531945891783567
0.811308964840111,0.379271821180295,0.418080819684802,0.00405757848951301,0.00112724457963215,0.00206376563460392,0.581921275224806,1.70183143196586e-05,0.0378066646008814,0.532152304609218
0.802725598773972,0.367723091146159,0.420706275243813,0.00395429432238072,0.00112100087100372,0.00205704985902681,0.581343920983335,1.62087383725654e-05,0.0379209862321401,0.53235871743487
0.807080605951282,0.375691268544482,0.417495298253005,0.0040017983883011,0.00112695204073638,0.00206352454672285,0.580836902625134,1.65745176201904e-05,0.0380145247308936,0.532565130260521
0.809230382986521,0.374178068259439,0.419330804654055,0.00400320259357526,0.00111352883413751,0.00203842662598715,0.580261982033466,1.6555808984363e-05,0.0381346601750147,0.532771543086172
0.810427306243394,0.378878239793062,0.419784316043097,0.00406202816449593,0.00111810142057836,0.00206042698161745,0.581663370419779,1.70467796225231e-05,0.03823702914691,0.532977955911824
0.811825992833801,0.372163592351587,0.423287261021375,0.00404220892918806,0.00111920995307086,0.00205250662378985,0.579910821265111,1.688762862415e-05,0.0383588038719863,0.533184368737475
0.809137457057612,0.372977071372247,0.419254609510514,0.00402363047879351,0.00111963585175248,0.00204976935627287,0.580845471064401,1.67232871685515e-05,0.0384557975351463,0.533390781563126
0.809511055677967,0.373134162520509,0.415073554068712,0.00405829035738166,0.00111110479919725,0.00203152815081822,0.578714980194505,1.69877456308319e-05,0.0385845768132539,0.533597194388778
0.811447018548315,0.369588617383656,0.41497782024347,0.00406178523042808,0.00110889111314239,0.00203308582906207,0.577617415522798,1.701133919743e-05,0.0387063413637503,0.533803607214429
0.81238342535681,0.370825466447837,0.418228005712768,0.00410609679256803,0.00112895252548771,0.00205634705286943,0.57992026630798,1.73798208362849e-05,0.0388253060748317,0.53401002004008
0.813621602892111,0.364138442983474,0.417380185052821,0.00409158694746382,0.00111107656973711,0.00204215859630919,0.578905299023466,1.72541628345711e-05,0.0389416671030761,0.534216432865732
0.818367839740369,0.369127127068602,0.409844196229743,0.00415082464559221,0.0011127703029197,0.00202580262955153,0.576930077100075,1.77314494341115e-05,0.0390916765849493,0.534422845691383
0.81964623266553,0.359320219515055,0.40669109011115,0.00415810856293525,0.00110824778423683,0.00202638279456575,0.57696492989391,1.77971405415624e-05,0.0392232037720764,0.534629258517034
0.818307043249308,0.364704779336113,0.410779004349904,0.00413393856036375,0.00110042554019313,0.00200108539046728,0.575355917651035,1.75495156584234e-05,0.0393464871640193,0.534835671342685
0.814677382872936,0.362516466757444,0.408354797034832,0.00413636561381059,0.00111172539961715,0.0020296547539046,0.576196280491868,1.7596305517631e-05,0.0394872583435723,0.535042084168337
0.820774012680767,0.367854052833146,0.412184518932666,0.0041930914005208,0.00111972033446248,0.00202358422695664,0.577543777437899,1.80677498893818e-05,0.0396128489768197,0.535248496993988
0.818469409800618,0.359044409565979,0.40393082981986,0.00417989653344639,0.00111887039494297,0.00202547900497002,0.575853611055237,1.79598576205414e-05,0.0397625774080324,0.535454909819639
0.821632245989333,0.35427753431335,0.403299273400636,0.00421947390403282,0.00109973393758302,0.00200525855323921,0.573563466752849,1.82765750491611e-05,0.0399241479769528,0.535661322645291
0.81854990737928,0.355644835258487,0.410331082642119,0.00417558221162762,0.00111152231780586,0.00201161982299128,0.573247511251278,1.78878037776046e-05,0.0400525997709248,0.535867735470942
0.823436056138837,0.35754829903403,0.399140005574287,0.00423481899952394,0.00110012114460346,0.00199993485411547,0.573802761955004,1.83853878526558e-05,0.0402155045839809,0.536074148296593
0.820346541693136,0.361277732415133,0.412142227914003,0.00423046413702061,0.00110471754808738,0.00201402394031438,0.573700826791157,1.83461341356455e-05,0.0403676018188912,0.536280561122245
0.825939236590998,0.35926857149172,0.406411845929663,0.00428783516350521,0.00110719356545365,0.00200210225492858,0.572979202880037,1.8830046807381e-05,0.0405451685589542,0.536486973947896
0.821977377658182,0.361768843225065,0.402630780496195,0.00424519789577849,0.00111128939215549,0.00200140920756284,0.573107539938981,1.84595618941367e-05,0.0406872858655392,0.536693386773547
0.823529200315945,0.355644530047845,0.404971294577652,0.00430284111128786,0.00110554566775933,0.00199878058503299,0.571289437249534,1.89380703939125e-05,0.0408801947473947,0.536899799599198
0.825146688136972,0.350264404646441,0.406169989843961,0.00428260420996306,0.00109826348607971,0.00198555833379503,0.570918291318227,1.8753434103242e-05,0.0410314644162886,0.53710621242485
0.829828870144764,0.3455646309122,0.40120285287438,0.00434463775258528,0.00109948689687548,0.00198750491566419,0.568829128445646,1.92827422669167e-05,0.0412173829690105,0.537312625250501
0.826545433399113,0.358288548843085,0.408113216163591,0.00432290953030629,0.00110189239864026,0.00198316902431229,0.571205752826344,1.91000292777261e-05,0.0413729338906512,0.537519038076152
0.832886038486041,0.356333732619295,0.403567545247078,0.00440512483159408,0.00110382855707652,0.00199350279603512,0.570402247883447,1.98103893209667e-05,0.0415833044370129,0.537725450901804
0.829040005331561,0.348442415653543,0.396415214344406,0.00434610451872882,0.00109958753226785,0.00198671553537499,0.567612412249619,1.92628393439454e-05,0.0417586588433539,0.537931863727455
0.835477851517349,0.3431670710727,0.388289143580239,0.00440245362045669,0.00109651381639618,0.0019817346442019,0.56741209977047,1.97649241356022e-05,0.041930270518329,0.538138276553106
0.83507418874328,0.345624186133418,0.39874936475074,0.00446309181510029,0.00110564434456452,0.00198902108475594,0.567364942870592,2.02957496863171e-05,0.0421449837817475,0.538344689378758
0.83796795424123,0.347452629762264,0.403556259179445,0.00448641074953374,0.00109909199947969,0.00197391502864815,0.567521503749303,2.05036988274124e-05,0.0423463375498535,0.538551102204409
0.831901653486335,0.340352603907322,0.390806972346807,0.00438980431122658,0.00108794802657808,0.00196053943877892,0.564674783659035,1.96260458342728e-05,0.042527282023865,0.53875751503006
0.834751299191083,0.334725828744569,0.389894234453195,0.00443112458678639,0.00108543692666414,0.00194815544360415,0.563194955125031,1.99698879832368e-05,0.0427550244646176,0.538963927855711
0.835053283432514,0.336632753677454,0.386066587330356,0.00443580219954717,0.00108615178656574,0.00195172068928429,0.564690236184531,2.00286450608896e-05,0.0429970396691984,0.539170340681363
0.837794843768726,0.337092703848786,0.392543842793719,0.00448522368034864,0.00108852133552217,0.00196630374952281,0.564581821396454,2.04631227027545e-05,0.0431910658395242,0.539376753507014
0.838271959295923,0.340862002627718,0.394617665070881,0.00454743975857261,0.00110017720579301,0.00197285325706629,0.563824211217174,2.10133086881857e-05,0.0434030419050058,0.539583166332665
0.838672497853119,0.335316765048535,0.387507990078452,0.0045417133489785,0.00109183707286086,0.00196288816009601,0.562343947868306,2.09656939522297e-05,0.0436326069253831,0.539789579158317
0.844896820430678,0.33440991481898,0.396570148575316,0.00465610526230341,0.00108778033733609,0.00195360051657223,0.561814792116269,2.20032756287984e-05,0.0438699682547574,0.539995991983968
0.837160470900225,0.329139263722344,0.386920730000255,0.0044830383980952,0.00107731082243003,0.00193524568607934,0.560857051875075,2.04023818335073e-05,0.0441034435441309,0.540202404809619
0.8447548132336,0.331531917755146,0.387305401545688,0.00462195403915535,0.00107948721271951,0.00193672117097845,0.560667794915646,2.16809335897317e-05,0.0443468368827907,0.540408817635271
0.849343983466644,0.340130107796483,0.396394027540529,0.0046647212578696,0.00108598829675968,0.00194439937858231,0.559793262405198,2.20625417731358e-05,0.0445811559713477,0.540615230460922
0.847140991691617,0.335070140659346,0.386178942927382,0.00469086291257607,0.00108231005556818,0.001932003564697,0.558557318843302,2.22955439384204e-05,0.044841252486661,0.540821643286573
0.845832321602795,0.332223573107597,0.389511789063777,0.00467879814954586,0.00108637375912668,0.00195515358849105,0.558627177248208,2.21844134422622e-05,0.0451212668557998,0.541028056112224
0.851377437920261,0.33434223348674,0.385226849800687,0.00475263682612405,0.00108264951098287,0.00194174671405124,0.557865134057396,2.28769646851597e-05,0.0453903001501579,0.541234468937876
0.852075979167954,0.325937801942452,0.384872851420271,0.00477763721404015,0.00108425399262278,0.00193992543852171,0.558322469659038,2.31198030023284e-05,0.0456324263418536,0.541440881763527
0.847129042568705,0.332193025446384,0.382842975544404,0.00469634006300994,0.00108275936136197,0.00193206189893451,0.555768260741911,2.23312776678164e-05,0.0459191679866108,0.541647294589178
0.850396869785909,0.320218349528768,0.374596075988828,0.00473736043195418,0.00107764006599028,0.00192480085140085,0.553907701479408,2.2698596286696e-05,0.0462140713050912,0.54185370741483
0.855064514093493,0.334236607880448,0.38272006633355,0.00487597500126736,0.00108684213917649,0.00193706002383103,0.555792030369511,2.40364947245583e-05,0.0465368648472243,0.542060120240481
0.851843849852633,0.321760357328844,0.381068862121596,0.00480374544413297,0.00107881125070281,0.00192462197418205,0.553243247310863,2.33271482899316e-05,0.0467991699242965,0.542266533066132
0.857068856431082,0.320002515349394,0.372322877630736,0.00490914013088607,0.00107925465737167,0.00192181860805749,0.552490378061979,2.4356691643828e-05,0.0471239416137808,0.542472945891784
0.860914525008201,0.326012421713044,0.380616437747476,0.00500502979731565,0.00108460897146625,0.00193644107201892,0.552193116659689,2.52867909893037e-05,0.0474408818698096,0.542679358717435
0.856969538371577,0.311055508997025,0.37042544901729,0.00486983426683622,0.00106581334565023,0.00190237559538307,0.548206218336197,2.39400420263542e-05,0.0477742872582107,0.542885771543086
0.861271370716643,0.322379145314627,0.379757400704305,0.00499708304459584,0.00108379005178387,0.00191724004470309,0.550254365666164,2.51947722099438e-05,0.0481127274767896,0.543092184368738
0.858027628708053,0.318916204208621,0.381666675878301,0.0049329431575406,0.00107771190052044,0.0019148600444026,0.550185521884491,2.45701090040534e-05,0.048458658866503,0.543298597194389
0.86245185832592,0.31956575891636,0.386247221454886,0.00505622275891888,0.0010847922298844,0.00191476213678999,0.548496389367864,2.5771576086983e-05,0.0487930684670872,0.54350501002004
0.865116992359566,0.318453589578803,0.368831157579345,0.00504958771529646,0.00107476895421693,0.001892576672856,0.547155036177667,2.56964914311641e-05,0.0491727743965891,0.543711422845691
0.863115453285356,0.312069203653364,0.371738609384391,0.00503856538031471,0.00108190152686348,0.0018881617959313,0.543721938150924,2.55793218601867e-05,0.0495281521919822,0.543917835671343
0.865465554332351,0.312118811053487,0.376409065377933,0.00509316232387263,0.00107275984731504,0.00189114426220474,0.543571125251179,2.61151948951276e-05,0.0498996572236003,0.544124248496994
0.869718024322997,0.307686585690444,0.372169041061976,0.00516062845996619,0.00106899353227992,0.0018801581065538,0.541911984339295,2.68102483708151e-05,0.0502886552816067,0.544330661322645
0.865206704054616,0.309118419782859,0.373121138466894,0.00509368975159095,0.00107258820236778,0.00189556408038474,0.543104877555719,2.61321772302891e-05,0.0507154018128541,0.544537074148297
0.868928547383622,0.30371796880555,0.374114852600506,0.00519354366784922,0.00106329557169455,0.00189509548906406,0.540028242680837,2.71465831410672e-05,0.0511171455292277,0.544743486973948
0.86910116648114,0.308128073083321,0.370372363715272,0.00521057319060864,0.00107418357311036,0.00189620287145192,0.542344379028462,2.73253385164702e-05,0.0515283105795993,0.544949899799599
0.871856968889965,0.300964023511458,0.366236902440053,0.00528413829724102,0.00106862870168954,0.00186949474073072,0.539376763660503,2.80775936494908e-05,0.0519672405174399,0.545156312625251
0.876372209755706,0.303153185620258,0.362101965803958,0.00538035491182209,0.00107115831664154,0.00187481752961591,0.539474658809657,2.91116645798728e-05,0.0524177763029738,0.545362725450902
0.879771099423312,0.303114610574736,0.367284810845407,0.00545487912163331,0.00106726169769816,0.00187528990355703,0.534694231829915,2.98950765592006e-05,0.0528598452589733,0.545569138276553
0.879933260152936,0.301997152328085,0.362614175047093,0.00547379985693826,0.00106654761954752,0.00186742183190106,0.534341889764519,3.00987785782191e-05,0.053352472552506,0.545775551102204
0.880617007452672,0.309030863244964,0.371769571382033,0.00549807694432087,0.00106771328809157,0.00187423232493459,0.532460990964175,3.03542836641949e-05,0.053806824412642,0.545981963927856
0.883853157019315,0.282221013032642,0.35456929531809,0.00557904459309467,0.00106674828758905,0.00185471687258731,0.530413371031481,3.12526320780493e-05,0.0543419450382883,0.546188376753507
0.886946617790673,0.292524016618251,0.35852793709094,0.0056510115192613,0.00107008974487981,0.00186280259222905,0.529773801583089,3.20414999513908e-05,0.0548556565868127,0.546394789579158
0.88700095229224,0.300856449707349,0.360786648299567,0.00568551384584014,0.00106574205404566,0.00186846573612505,0.531477047787013,3.24411597537315e-05,0.0553814099419961,0.54660120240481
0.889469635453654,0.302984742076506,0.36169793497413,0.00574899053002404,0.00106706922305881,0.0018663817722457,0.527933625392732,3.31564562702536e-05,0.05594937913601,0.546807615230461
0.888429782580499,0.285527654484587,0.352376758653867,0.00572410563613761,0.00106214964135539,0.00185742519728212,0.524185180417608,3.28599112735833e-05,0.056604770862224,0.547014028056112
0.888162469097654,0.286219018296291,0.357840809275696,0.00573522311992143,0.00105382672762133,0.00184245727222017,0.524492765422914,3.2983535460424e-05,0.0571722230410532,0.547220440881764
0.893235474755852,0.281925607270027,0.354491841713953,0.00585723981601516,0.00105642919660468,0.00184790354749352,0.519765390058456,3.4387219622138e-05,0.0577733512557093,0.547426853707415
0.892827053313886,0.278979397094039,0.351517122024673,0.00587433565382933,0.00106311076615179,0.00185618818219435,0.518058393596973,3.45857722423187e-05,0.0584631485489616,0.547633266533066
0.902121497665847,0.285838734572937,0.351117466768869,0.00613347131488584,0.00106199671275938,0.00184828372094781,0.519353263235261,3.76932653086634e-05,0.059088088860342,0.547839679358717
0.89660853598596,0.283803616123297,0.352252919754339,0.00599289867149334,0.00105743764833152,0.00184084796602646,0.515293655346973,3.59807893041328e-05,0.0597927312016079,0.548046092184369
0.896512537932936,0.279034536091823,0.348240034253133,0.00604855730774549,0.00105638062502981,0.00183841389070447,0.515742093514217,3.66485364169687e-05,0.0605412880604572,0.54825250501002
0.903762286352031,0.282075818182839,0.355476854024044,0.00627491970275725,0.00106155140537229,0.00183839337059979,0.51293437809158,3.94311091422473e-05,0.0613533714866738,0.548458917835671
0.905161415932066,0.268927506444113,0.355597957319039,0.00631383578506835,0.00106143593051483,0.00185122131674111,0.507657136617538,3.9912487300206e-05,0.0620550750366972,0.548665330661323
0.906702934409532,0.276580223630125,0.347630399803826,0.00636146488864758,0.00105345681241525,0.00182589098875075,0.507464147624667,4.05145832488495e-05,0.0628621725747651,0.548871743486974
0.906899714310123,0.26986789858559,0.341805337391996,0.00638813636380657,0.00104584620180152,0.00181454646208757,0.504654274368811,4.0849982776593e-05,0.0636875994850752,0.549078156312625
0.914449504630921,0.267406463629503,0.348236392618005,0.00664509484926792,0.00105044750203104,0.00182278314534362,0.498070178767303,4.41948496818929e-05,0.0646413234920638,0.549284569138277
0.915461452138803,0.272578709352708,0.351489834248632,0.00674428974204248,0.00105538418042066,0.00181147897920358,0.49967529149346,4.5520216400637e-05,0.0654944016266108,0.549490981963928
0.917462186892481,0.261751471507585,0.344023478971488,0.00684882488583014,0.00104380347460392,0.00180292899811998,0.492616848637716,4.69350933186538e-05,0.066528306899674,0.549697394789579
0.920822731391472,0.265896753679516,0.354441631532521,0.00696186729873652,0.00104482637361035,0.00181701187715543,0.490581014676903,4.84940950109165e-05,0.067538222214015,0.54990380761523
0.921649494462396,0.254635773723442,0.346781488464752,0.00709251070958994,0.00105284930426977,0.0018249328765238,0.493602811989802,5.0331825047403e-05,0.0685982031673543,0.550110220440882
0.927042872824259,0.267234809515214,0.35670378655669,0.00736758240507906,0.00104408749660054,0.00181898608064643,0.501388072641714,5.43138111959847e-05,0.069848594084054,0.550316633266533
0.928008006213839,0.251276130319106,0.345748868862953,0.00746950733530478,0.00104313163889651,0.00181694130378548,0.497262775459698,5.58229255038377e-05,0.0711392712246688,0.550523046092184
0.925082291049525,0.243618665094584,0.351676928580081,0.0073076786542381,0.0010458811731781,0.00180680399417342,0.49576037081178,5.34294788880503e-05,0.0724332122011831,0.550729458917836
0.935141674676414,0.246883295284799,0.354071108119908,0.00789931685933281,0.0010409712827093,0.00181146042283353,0.503495881877261,6.24415263944544e-05,0.073909783192663,0.550935871743487
0.939972488948733,0.244187520651206,0.352562015472148,0.00825934409338686,0.00104241113869273,0.00180682798810479,0.509306428437597,6.82776045903956e-05,0.0755383783886187,0.551142284569138
0.944027600818914,0.243444719492016,0.36218798792668,0.00852341628662144,0.00104572393790566,0.00182677295638146,0.515761196197082,7.27342439478812e-05,0.077203894613735,0.55134869739479
0.948849252096294,0.252398503118025,0.36823863854464,0.00892711156474503,0.00103798198027566,0.00184610408437946,0.518422710128971,7.98015038251095e-05,0.0792194810254115,0.551555110220441
0.951705988720513,0.232583944736666,0.379749654629566,0.00924587334865112,0.00103554053573605,0.00182674603504097,0.520379979802885,8.56269210635745e-05,0.081329108541382,0.551761523046092
0.959671121296195,0.23045800265328,0.397528197224568,0.0101640085019064,0.001039569485567,0.00184836336682552,0.535131468493628,0.000103540756411317,0.0840163915105001,0.551967935871744
